name,gender,race
barjraj,m,indian
amit,m,indian
kushal,m,indian
kasid,m,indian
sanjay,m,indian
abhi,m,indian
chanderpal,m,indian
aman,m,indian
khursid,m,indian
rajeev,m,indian
durgesh,m,indian
rohit,m,indian
sparsh,m,indian
santosh,m,indian
dinesh,m,indian
gulshan,m,indian
nausad,m,indian
chotelal,m,indian
rupesh,m,indian
midda,m,indian
sarain,m,indian
sumit,m,indian
arindra,m,indian
vikash,m,indian
hemant,m,indian
shivam,m,indian
aakash,m,indian
chandesh,m,indian
irfan,m,indian
azaruddin,m,indian
manoj,m,indian
pawan,m,indian
sandeep,m,indian
parvesh,m,indian
yogita,m,indian
rajender,m,indian
suraj,m,indian
rizwan,m,indian
deepak,m,indian
rahul,m,indian
abhishekh,m,indian
ankit,m,indian
arjun,m,indian
tammanne,m,indian
ajay,m,indian
silender,m,indian
akhilesh,m,indian
nitin,m,indian
adnan,m,indian
vijay,m,indian
yogesh,m,indian
kabir,m,indian
sarvesh,m,indian
vivek,m,indian
shafibul,m,indian
rajkumar,m,indian
mubarik,m,indian
niraj,m,indian
axat,m,indian
akkash,m,indian
himanshu,m,indian
sachin,m,indian
bhupender,m,indian
yognder,m,indian
subhash,m,indian
vikas,m,indian
vinod,m,indian
salman,m,indian
imamudeen,m,indian
tarjan,m,indian
murari,m,indian
ramvilash,m,indian
jagdish,m,indian
kuldeep,m,indian
talim,m,indian
balraj,m,indian
sukhdev,m,indian
beeru,m,indian
vipin,m,indian
guddu,m,indian
shadab,m,indian
rakesh,m,indian
abhishek,m,indian
gulfam,m,indian
amarjeet,m,indian
satyadev,m,indian
rishi,m,indian
saddam,m,indian
arun,m,indian
virender,m,indian
bishun,m,indian
kishan,m,indian
rajbir,m,indian
krishan,m,indian
jony,m,indian
amardeep,m,indian
bharat,m,indian
azaz,m,indian
parveen,m,indian
madan,m,indian
rashid,m,indian
jitender,m,indian
deep,m,indian
dharmbir,m,indian
avinsh,m,indian
karan,m,indian
sagar,m,indian
nikhil,m,indian
raman,m,indian
abhijeet,m,indian
anshu,m,indian
sahil,m,indian
gaurav,m,indian
sunil,m,indian
vishvash,m,indian
sonia,m,indian
kayamuddin,m,indian
satender,m,indian
mobin,m,indian
vipol,m,indian
rajmani,m,indian
mohan,m,indian
farid,m,indian
gappu,m,indian
nazeem,m,indian
aamir,m,indian
gutam,m,indian
prakul,m,indian
birjesh,m,indian
ikramuddin,m,indian
sajan,m,indian
molu,m,indian
dilawar,m,indian
ajahar,m,indian
sanjeev,m,indian
sandhaya,m,indian
ashish,m,indian
satpal,m,indian
ashfaq,m,indian
shaid,m,indian
mehraj,m,indian
chetan,m,indian
sanavvar,m,indian
mustaq,m,indian
vakil,m,indian
mukesh,m,indian
sunny,m,indian
shakir,m,indian
kiran,m,indian
rajan,m,indian
ayush,m,indian
sehboob,m,indian
manish,m,indian
divaraj,m,indian
kamlesh,m,indian
azruddin,m,indian
inderjeet,m,indian
golu,m,indian
lokesh,m,indian
rijakpal,m,indian
shishram,m,indian
ajit,m,indian
deelip,m,indian
monu,m,indian
ramesh,m,indian
saurabh,m,indian
avdhesh,m,indian
ashu,m,indian
manjeet,m,indian
jaipal,m,indian
kasim,m,indian
udham,m,indian
ravinder,m,indian
shahid,m,indian
ishtkar,m,indian
rashab,m,indian
narender,m,indian
ankush,m,indian
pankaj,m,indian
anwar,m,indian
gorav,m,indian
abbas,m,indian
avinash,m,indian
ravish,m,indian
rekhai,m,indian
vashudev,m,indian
goldy,m,indian
devender,m,indian
veer,m,indian
babloo,m,indian
gourav,m,indian
amarapal,m,indian
momin,m,indian
parminder,m,indian
mustafa,m,indian
dharmender,m,indian
suresh,m,indian
abhimanyu,m,indian
rohan,m,indian
kanheya,m,indian
mushrraf,m,indian
prem,m,indian
nithyanandham,m,indian
gopal,m,indian
mahavir,m,indian
soni,m,indian
rima,m,indian
sunder,m,indian
omparkash,m,indian
shardanand,m,indian
amrudin,m,indian
shahnawaz,m,indian
sapna,m,indian
surendra,m,indian
naveen,m,indian
amar,m,indian
rishab,m,indian
ziyabul,m,indian
shyama,m,indian
parbhat,m,indian
nanagram,m,indian
gautam,m,indian
govind,m,indian
usha,m,indian
surender,m,indian
chhotelal,m,indian
sambhu,m,indian
bablu,m,indian
raju,m,indian
yasib,m,indian
sushant,m,indian
adersen,m,indian
fitrat,m,indian
somdath,m,indian
shiva,m,indian
vishal,m,indian
sonu,m,indian
tausin,m,indian
rajveer,m,indian
annu,m,indian
anand,m,indian
yameen,m,indian
vasim,m,indian
birju,m,indian
pradeep,m,indian
tufail,m,indian
afridi,m,indian
tahir,m,indian
ravi,m,indian
abhay,m,indian
inderpal,m,indian
aasto,m,indian
dhansinghpuri,m,indian
nirmal,m,indian
niranjan,m,indian
akash,m,indian
andhav,m,indian
ranbir,m,indian
sikandar,m,indian
satnosh,m,indian
laxman,m,indian
milan,m,indian
mohit,m,indian
sameer,m,indian
samadh,m,indian
tikku,m,indian
janesh,m,indian
khimanand,m,indian
akshit,m,indian
vinay,m,indian
pancham,m,indian
shekher,m,indian
ishwar,m,indian
bilal,m,indian
pramod,m,indian
omprkash,m,indian
masoom,m,indian
asharam,m,indian
deepu,m,indian
aashik,m,indian
ashok,m,indian
satish,m,indian
harender,m,indian
parmod,m,indian
savan,m,indian
aarif,m,indian
vicky,m,indian
chanchal,m,indian
shamshad,m,indian
vipulander,m,indian
piyush,m,indian
lakhan,m,indian
nadim,m,indian
sahdab,m,indian
tufel,m,indian
tekchand,m,indian
bobby,m,indian
tejvir,m,indian
dilip,m,indian
subodh,m,indian
pramood,m,indian
dev,m,indian
muntiyaj,m,indian
lilu,m,indian
surjeet,m,indian
deva,m,indian
firoz,m,indian
raghuveer,m,indian
dheeraj,m,indian
ritik,m,indian
ketan,m,indian
rampati,m,indian
ramsurat,m,indian
jockyipai,m,indian
ramsem,m,indian
shahrukh,m,indian
samsuddin,m,indian
somender,m,indian
sorabh,m,indian
aabid,m,indian
shakil,m,indian
lalit,m,indian
amil,m,indian
sidharath,m,indian
atul,m,indian
roshan,m,indian
ishant,m,indian
durganand,m,indian
chandan,m,indian
brijmohan,m,indian
tajuddin,m,indian
suhail,m,indian
baksi,m,indian
devraj,m,indian
kaif,m,indian
shyam,m,indian
arsh,m,indian
chirag,m,indian
prince,m,indian
tarif,m,indian
sanni,m,indian
firoj,m,indian
ranjeet,m,indian
praveen,m,indian
rinki,m,indian
akram,m,indian
khemraj,m,indian
neeraj,m,indian
arman,m,indian
lekhraj,m,indian
aayush,m,indian
rajaram,m,indian
ranjit,m,indian
shail,m,indian
naresh,m,indian
raja,m,indian
rupender,m,indian
kamruddin,m,indian
jaiprakash,m,indian
anurag,m,indian
jagmal,m,indian
prasant,m,indian
prahlad,m,indian
sharukh,m,indian
harison,m,indian
danish,m,indian
anuj,m,indian
adi,m,indian
riyaz,m,indian
divansh,m,indian
muneer,m,indian
dhalchand,m,indian
paras,m,indian
chanden,m,indian
chandrram,m,indian
ansh,m,indian
islam,m,indian
sohaib,m,indian
krishana,m,indian
sonali,m,indian
satyam,m,indian
dhramender,m,indian
harsh,m,indian
narayan,m,indian
ramhetu,m,indian
sajjan,m,indian
jatin,m,indian
kapil,m,indian
imran,m,indian
sameem,m,indian
chetanram,m,indian
ajman,m,indian
shisupal,m,indian
vikarm,m,indian
shyamveer,m,indian
ramchander,m,indian
harkesh,m,indian
ashutosh,m,indian
shashikant,m,indian
arvind,m,indian
pancu,m,indian
ramtek,m,indian
parteek,m,indian
hansraj,m,indian
nadeem,m,indian
babu,m,indian
ameen,m,indian
pardeep,m,indian
suman,m,indian
mahaveer,m,indian
yash,m,indian
shayam,m,indian
mahipal,m,indian
ramprasad,m,indian
asif,m,indian
rajesh,m,indian
arif,m,indian
harichand,m,indian
chatan,m,indian
deepchand,m,indian
aoosaf,m,indian
abrar,m,indian
ratiman,m,indian
jasbir,m,indian
anwari,m,indian
shyamlal,m,indian
nashim,m,indian
aatif,m,indian
jahid,m,indian
anil,m,indian
pavan,m,indian
rinku,m,indian
altaf,m,indian
shagufta,m,indian
moni,m,indian
harendra,m,indian
sivam,m,indian
shambhu,m,indian
shripal,m,indian
mahendra,m,indian
shivyalam,m,indian
dharmandra,m,indian
rajiv,m,indian
hrithik,m,indian
pooja,m,indian
shashank,m,indian
akbar,m,indian
sehzad,m,indian
ahsan,m,indian
aftab,m,indian
faijal,m,indian
subhas,m,indian
kavilash,m,indian
mamta,m,indian
robin,m,indian
lalaram,m,indian
mamchand,m,indian
manful,m,indian
satbar,m,indian
kunal,m,indian
salmaan,m,indian
hararat,m,indian
anshul,m,indian
kalu,m,indian
anjali,m,indian
omprakash,m,indian
taushif,m,indian
deshraj,m,indian
shibu,m,indian
shamim,m,indian
irshad,m,indian
pintu,m,indian
vipta,m,indian
aadil,m,indian
fulmiya,m,indian
balram,m,indian
sudhansu,m,indian
raseel,m,indian
bhajanlal,m,indian
hariom,m,indian
aashu,m,indian
azam,m,indian
bharma,m,indian
gyanendra,m,indian
javed,m,indian
gulreg,m,indian
sumer,m,indian
udaiveer,m,indian
salim,m,indian
naseem,m,indian
akshpaat,m,indian
akshay,m,indian
yogeshwar,m,indian
jeetu,m,indian
harpal,m,indian
satyvrat,m,indian
versha,m,indian
kumar,m,indian
punit,m,indian
mukeemuddin,m,indian
ronak,m,indian
bittu,m,indian
rihan,m,indian
divyansh,m,indian
jitendra,m,indian
nwed,m,indian
abdullah,m,indian
raghuvir,m,indian
dular,m,indian
shobharam,m,indian
devinder,m,indian
somnath,m,indian
khursheed,m,indian
arsad,m,indian
nandu,m,indian
rajni,m,indian
taj,m,indian
unknown,m,indian
deewan,m,indian
suminder,m,indian
mohinuddin,m,indian
abhisekh,m,indian
aditya,m,indian
ramjan,m,indian
meenu,m,indian
soyam,m,indian
lakki,m,indian
mithun,m,indian
nijam,m,indian
mahfuj,m,indian
manav,m,indian
kalish,m,indian
bansilal,m,indian
jalaluddin,m,indian
satbir,m,indian
ramswaroop,m,indian
nisha,m,indian
shetan,m,indian
shahnawaj,m,indian
iklakh,m,indian
halkuji,m,indian
matadeen,m,indian
rinkoo,m,indian
rishabh,m,indian
anmol,m,indian
moolchand,m,indian
sarfraj,m,indian
rustam,m,indian
shashwat,m,indian
vimlesh,m,indian
sahid,m,indian
hazari,m,indian
tinku,m,indian
amir,m,indian
akilesh,m,indian
sourabh,m,indian
dilbar,m,indian
parsnath,m,indian
gulshad,m,indian
siwani,m,indian
arshad,m,indian
gangadhar,m,indian
baburam,m,indian
sultan,m,indian
harshit,m,indian
gjender,m,indian
pulkit,m,indian
shamsuddin,m,indian
paramjeet,m,indian
aashif,m,indian
kewal,m,indian
jubed,m,indian
sanu,m,indian
prakash,m,indian
ballu,m,indian
punnet,m,indian
chand,m,indian
farhan,m,indian
ramkesh,m,indian
shakib,m,indian
tohid,m,indian
harib,m,indian
aasif,m,indian
rajat,m,indian
tony,m,indian
sahwaj,m,indian
ramji,m,indian
shaurabh,m,indian
bhopal,m,indian
fakrrudeen,m,indian
saleem,m,indian
komal,m,indian
omender,m,indian
yashwant,m,indian
biran,m,indian
rajpal,m,indian
sartaj,m,indian
shanawaz,m,indian
dharmvir,m,indian
sanaullah,m,indian
sushil,m,indian
nitesh,m,indian
dhaney,m,indian
joria,m,indian
dhananjay,m,indian
saidas,m,indian
harishankar,m,indian
abdulla,m,indian
naim,m,indian
tushar,m,indian
prashansa,m,indian
sourav,m,indian
birbal,m,indian
surajpal,m,indian
yogender,m,indian
suleman,m,indian
dishad,m,indian
ishan,m,indian
bijander,m,indian
rajendra,m,indian
justin,m,indian
kailash,m,indian
affan,m,indian
gulashan,m,indian
baldev,m,indian
jasvindir,m,indian
omveer,m,indian
mustkeem,m,indian
tanveer,m,indian
kamal,m,indian
mangal,m,indian
mahabir,m,indian
sanju,m,indian
ramwatar,m,indian
avdesh,m,indian
harbanschauhan,m,indian
kaushar,m,indian
haridutt,m,indian
chaman,m,indian
jay,m,indian
lasar,m,indian
sorav,m,indian
jumrati,m,indian
akhtar,m,indian
ghanshyam,m,indian
gurpreet,m,indian
sidharth,m,indian
rekha,m,indian
jumman,m,indian
ranveer,m,indian
sujit,m,indian
garv,m,indian
yoginder,m,indian
sahajad,m,indian
daks,m,indian
sahnaz,m,indian
sukhram,m,indian
pappu,m,indian
avnish,m,indian
anoop,m,indian
aniket,m,indian
dauji,m,indian
nanni,m,indian
rahisuddin,m,indian
lakshay,m,indian
gurfaan,m,indian
anuraj,m,indian
divy,m,indian
tilakram,m,indian
sarju,m,indian
kashiram,m,indian
saksham,m,indian
shanwaj,m,indian
attar,m,indian
bimlesh,m,indian
sabeer,m,indian
satyawan,m,indian
zahid,m,indian
ankaj,m,indian
vikky,m,indian
navneet,m,indian
asruddin,m,indian
sabi,m,indian
kamraan,m,indian
dharambir,m,indian
amkit,m,indian
mujaffar,m,indian
makbul,m,indian
balchand,m,indian
shankarlal,m,indian
mahesh,m,indian
tamana,m,indian
mustkim,m,indian
sangit,m,indian
kaluram,m,indian
trlokchand,m,indian
girdhari,m,indian
parkash,m,indian
sahnawaz,m,indian
mehak,m,indian
manju,m,indian
sohail,m,indian
nankesh,m,indian
boby,m,indian
hasim,m,indian
harishchandr,m,indian
sagir,m,indian
raj,m,indian
vishnu,m,indian
rakkibhul,m,indian
babbu,m,indian
varun,m,indian
brijesh,m,indian
maujim,m,indian
shalid,m,indian
zaheer,m,indian
babupuri,m,indian
lakhamichand,m,indian
saizad,m,indian
geeta,m,indian
dhannu,m,indian
vimal,m,indian
rukhsar,m,indian
parmood,m,indian
jaibir,m,indian
yusuf,m,indian
bhupendra,m,indian
rehan,m,indian
chandermani,m,indian
aadish,m,indian
chottu,m,indian
lakhraj,m,indian
virpal,m,indian
nanhe,m,indian
chiranjavi,m,indian
krishna,m,indian
jogender,m,indian
deepaak,m,indian
lokendra,m,indian
birpal,m,indian
vinit,m,indian
vikki,m,indian
nasir,m,indian
jaswant,m,indian
noornabi,m,indian
chandra,m,indian
prabhat,m,indian
keshav,m,indian
prameshwar,m,indian
rambabu,m,indian
bittoo,m,indian
satyanarayan,m,indian
anantram,m,indian
mobarkar,m,indian
ramchandr,m,indian
govinda,m,indian
jaichand,m,indian
ganesh,m,indian
senser,m,indian
vikram,m,indian
gordhan,m,indian
sajruddin,m,indian
karmveer,m,indian
chetram,m,indian
niwas,m,indian
pphola,m,indian
naruram,m,indian
keshar,m,indian
devkran,m,indian
hariesh,m,indian
mehinder,m,indian
prabhakar,m,indian
kartik,m,indian
shailesh,m,indian
dalchand,m,indian
pukharam,m,indian
kundan,m,indian
anish,m,indian
faisal,m,indian
sujal,m,indian
mayank,m,indian
jeevan,m,indian
moin,m,indian
manash,m,indian
waseem,m,indian
jasveer,m,indian
papp,m,indian
parmeshwar,m,indian
bijender,m,indian
shahnabaz,m,indian
rakhi,m,indian
rishipal,m,indian
sukhpal,m,indian
tarun,m,indian
dharamvir,m,indian
shankar,m,indian
gauravgil,m,indian
umar,m,indian
liyakat,m,indian
som,m,indian
nijamuddin,m,indian
ikrar,m,indian
durvesh,m,indian
ibarhim,m,indian
balvinder,m,indian
deepansu,m,indian
surajbhan,m,indian
indervesh,m,indian
jitendr,m,indian
sofali,m,indian
abhishak,m,indian
taufik,m,indian
sukumar,m,indian
shekhar,m,indian
durgashankar,m,indian
aidtya,m,indian
ali,m,indian
hasan,m,indian
sarafat,m,indian
mukul,m,indian
karanveer,m,indian
adil,m,indian
mehtab,m,indian
handu,m,indian
shivcharan,m,indian
dhramveer,m,indian
tohir,m,indian
sadiq,m,indian
kanishakraj,m,indian
ravidutt,m,indian
vikrant,m,indian
mhosin,m,indian
ramnihor,m,indian
shabbir,m,indian
wasim,m,indian
aslam,m,indian
hament,m,indian
ashwani,m,indian
imtyaz,m,indian
devendr,m,indian
davinder,m,indian
harikishan,m,indian
rohtash,m,indian
ravinath,m,indian
dharmendr,m,indian
manjesh,m,indian
dharamveer,m,indian
shakar,m,indian
surendr,m,indian
farman,m,indian
chote,m,indian
dakch,m,indian
sulender,m,indian
rameshwar,m,indian
ekram,m,indian
sadik,m,indian
vishu,m,indian
nathuram,m,indian
ovaish,m,indian
saroj,m,indian
jalmi,m,indian
bhanu,m,indian
deepanshu,m,indian
jaidev,m,indian
najim,m,indian
jisan,m,indian
furkan,m,indian
bannu,m,indian
devasheeh,m,indian
imamuddin,m,indian
mukaram,m,indian
rampal,m,indian
tofik,m,indian
banwari,m,indian
radhesayam,m,indian
umakant,m,indian
prami,m,indian
nitish,m,indian
jaanu,m,indian
hiramani,m,indian
taleem,m,indian
swarn,m,indian
lala,m,indian
rijvan,m,indian
dhrampal,m,indian
ramchandra,m,indian
girraj,m,indian
bhrkat,m,indian
chamanlal,m,indian
aditi,m,indian
yashpal,m,indian
adisan,m,indian
nishant,m,indian
kamil,m,indian
aamin,m,indian
rohthash,m,indian
bhagirath,m,indian
firasat,m,indian
vilram,m,indian
gunanidhi,m,indian
sakil,m,indian
krish,m,indian
kanhaiyalal,m,indian
dabu,m,indian
sajid,m,indian
aasim,m,indian
faran,m,indian
sahdev,m,indian
mukhtiyar,m,indian
sikender,m,indian
dharampal,m,indian
iqbal,m,indian
reena,m,indian
bheema,m,indian
jaffar,m,indian
basanta,m,indian
kanhaiya,m,indian
avfesh,m,indian
mahender,m,indian
vikramjeet,m,indian
kajamuddih,m,indian
shriram,m,indian
manohar,m,indian
umesh,m,indian
vansh,m,indian
omperkash,m,indian
nagender,m,indian
mansharam,m,indian
riyajudhin,m,indian
basant,m,indian
ramlal,m,indian
ajaypal,m,indian
monish,m,indian
subhodh,m,indian
navdeep,m,indian
ishatkar,m,indian
malchand,m,indian
dalip,m,indian
sabbir,m,indian
jankidas,m,indian
santram,m,indian
nazim,m,indian
saidul,m,indian
sadhna,m,indian
najis,m,indian
heeralal,m,indian
kalpadma,m,indian
shikha,m,indian
hiralal,m,indian
shadik,m,indian
warish,m,indian
shahabuddin,m,indian
wiresh,m,indian
jaiprkesh,m,indian
manjit,m,indian
satyaprakash,m,indian
ashraf,m,indian
gafur,m,indian
gagan,m,indian
sabir,m,indian
radheshyam,m,indian
zanmi,m,indian
veerpal,m,indian
sukhbir,m,indian
harmani,m,indian
najimuddin,m,indian
alaudin,m,indian
jakir,m,indian
hitesh,m,indian
bhushan,m,indian
sateesh,m,indian
somesh,m,indian
mahfooz,m,indian
hemraj,m,indian
jaspal,m,indian
dilsad,m,indian
wasimuddin,m,indian
jedu,m,indian
ramphal,m,indian
ankur,m,indian
boduram,m,indian
rahish,m,indian
rukshan,m,indian
sudarshan,m,indian
sishpal,m,indian
banshi,m,indian
teekam,m,indian
surendar,m,indian
dhirender,m,indian
munnu,m,indian
narendera,m,indian
ramkish,m,indian
rahim,m,indian
bobbi,m,indian
navjoot,m,indian
siddharth,m,indian
sarjeet,m,indian
abdul,m,indian
babuddin,m,indian
sudhir,m,indian
bhuneshwar,m,indian
lokender,m,indian
bhagipuri,m,indian
tulsiram,m,indian
ahmad,m,indian
rishaw,m,indian
farjand,m,indian
bitto,m,indian
sujata,m,indian
banwarilal,m,indian
rasab,m,indian
shelesh,m,indian
siraj,m,indian
bisto,m,indian
sanpat,m,indian
khalid,m,indian
sarik,m,indian
aryan,m,indian
nasim,m,indian
nadir,m,indian
vijendar,m,indian
bhojaram,m,indian
priti,m,indian
sehnawaj,m,indian
kamaldeep,m,indian
jahgeer,m,indian
lali,m,indian
ravindr,m,indian
jisaan,m,indian
amrit,m,indian
pushpendr,m,indian
chettan,m,indian
shubham,m,indian
katwa,m,indian
anash,m,indian
yogendr,m,indian
riyajudin,m,indian
parbhudayal,m,indian
yeshpal,m,indian
rehaan,m,indian
jabir,m,indian
sajju,m,indian
yogendra,m,indian
rajend,m,indian
subham,m,indian
banty,m,indian
chotan,m,indian
omi,m,indian
rajna,m,indian
naulakh,m,indian
faimuddin,m,indian
hardeep,m,indian
inkoo,m,indian
ramvir,m,indian
mannulal,m,indian
samon,m,indian
roopsingh,m,indian
parvez,m,indian
revndrshing,m,indian
sufian,m,indian
tanmay,m,indian
sakcham,m,indian
pradep,m,indian
dhananjai,m,indian
parvej,m,indian
tejpal,m,indian
paratibha,m,indian
surgyan,m,indian
aajiv,m,indian
asrf,m,indian
rantesh,m,indian
saad,m,indian
harish,m,indian
javid,m,indian
hashim,m,indian
adarsh,m,indian
faim,m,indian
sakib,m,indian
usmaan,m,indian
sohanpal,m,indian
rishu,m,indian
jasiram,m,indian
nepal,m,indian
gopesh,m,indian
pavnesh,m,indian
mantosh,m,indian
chitu,m,indian
gordhanlal,m,indian
sangeeta,m,indian
jitu,m,indian
jyoti,m,indian
chandu,m,indian
brijshwaer,m,indian
dhermendra,m,indian
shahwaj,m,indian
joginder,m,indian
vedprakash,m,indian
ajeem,m,indian
ranjan,m,indian
vickky,m,indian
manoish,m,indian
jite,m,indian
binani,m,indian
mannu,m,indian
sitaram,m,indian
sahun,m,indian
sakir,m,indian
veeru,m,indian
rajdut,m,indian
roji,m,indian
jwala,m,indian
afshar,m,indian
tripurari,m,indian
prashant,m,indian
giriraj,m,indian
beeram,m,indian
khemchand,m,indian
ajeet,m,indian
kundin,m,indian
rajvir,m,indian
mastan,m,indian
hajrat,m,indian
madho,m,indian
shoukat,m,indian
rajkiran,m,indian
sahjad,m,indian
sandip,m,indian
kashiv,m,indian
sunaina,m,indian
shabir,m,indian
amarjit,m,indian
nandita,m,indian
ravikant,m,indian
fahim,m,indian
daaud,m,indian
majunew,m,indian
dushyant,m,indian
kirshanpal,m,indian
jaideep,m,indian
vishanu,m,indian
prabhudayal,m,indian
munni,m,indian
anurudh,m,indian
baam,m,indian
gurlal,m,indian
ghansyam,m,indian
subhan,m,indian
afzal,m,indian
virnit,m,indian
etahsaam,m,indian
dharmendera,m,indian
gurcharan,m,indian
mohardi,m,indian
sispal,m,indian
ansul,m,indian
meharuddin,m,indian
kalusingh,m,indian
lalu,m,indian
sadab,m,indian
islamudin,m,indian
sonam,m,indian
iqubal,m,indian
zishan,m,indian
aswin,m,indian
munna,m,indian
haseem,m,indian
babli,m,indian
amrika,m,indian
sahajaha,m,indian
taslim,m,indian
rudmal,m,indian
cheete,m,indian
janmesh,m,indian
beenu,m,indian
tanish,m,indian
om,m,indian
shanvaj,m,indian
sinder,m,indian
sumoranjam,m,indian
davender,m,indian
chotu,m,indian
devdhari,m,indian
goruav,m,indian
latoor,m,indian
saroz,m,indian
saurav,m,indian
narendra,m,indian
kanhiya,m,indian
khusaboo,m,indian
salinder,m,indian
samad,m,indian
kirshna,m,indian
ombeer,m,indian
ganpat,m,indian
balbeer,m,indian
khamchand,m,indian
bhulaee,m,indian
mihir,m,indian
lllllllllllllllllll,m,indian
mintu,m,indian
seti,m,indian
mogli,m,indian
ibrahim,m,indian
bhola,m,indian
velaram,m,indian
santi,m,indian
haneef,m,indian
ramakant,m,indian
naitik,m,indian
inderjit,m,indian
rambrij,m,indian
saruf,m,indian
hakimuddin,m,indian
riyasat,m,indian
jasvant,m,indian
kumail,m,indian
tameezuddin,m,indian
dimpal,m,indian
puranmal,m,indian
subash,m,indian
nizam,m,indian
ashwini,m,indian
tashnim,m,indian
sudhdev,m,indian
mangeram,m,indian
tanvir,m,indian
naushad,m,indian
mandeep,m,indian
chootu,m,indian
nawed,m,indian
dilshad,m,indian
perdeep,m,indian
hanif,m,indian
hanumanram,m,indian
shahjad,m,indian
razi,m,indian
visham,m,indian
devpal,m,indian
srikant,m,indian
ishu,m,indian
ramkumar,m,indian
dhurpati,m,indian
vanshu,m,indian
ritesh,m,indian
bhagwanaram,m,indian
brijpal,m,indian
amarnath,m,indian
ashif,m,indian
jawed,m,indian
dhanpat,m,indian
shailender,m,indian
yamin,m,indian
aagand,m,indian
sehin,m,indian
shushil,m,indian
begraj,m,indian
gomti,m,indian
gajraj,m,indian
archna,m,indian
barjesh,m,indian
mithelash,m,indian
dhanjay,m,indian
mangilal,m,indian
parmanand,m,indian
durjan,m,indian
kurban,m,indian
tavraj,m,indian
na,m,indian
jagdambika,m,indian
kalpesh,m,indian
bunty,m,indian
imaman,m,indian
kaptan,m,indian
anikesh,m,indian
nazirul,m,indian
joni,m,indian
sidheswar,m,indian
nischaya,m,indian
samir,m,indian
mazhar,m,indian
halke,m,indian
methun,m,indian
mangeshwar,m,indian
aru,m,indian
ikramudeen,m,indian
muskuran,m,indian
sadip,m,indian
devesh,m,indian
ramkishan,m,indian
ramkiashan,m,indian
sankarlal,m,indian
abhisek,m,indian
akib,m,indian
prsant,m,indian
satya,m,indian
chorag,m,indian
poonam,m,indian
sukkhu,m,indian
radhamohan,m,indian
kumresh,m,indian
karim,m,indian
mona,m,indian
shailash,m,indian
naved,m,indian
nabijan,m,indian
chetna,m,indian
devanand,m,indian
riyajuddin,m,indian
kaushal,m,indian
harshdeep,m,indian
gandhi,m,indian
ajim,m,indian
bhikhari,m,indian
ramjeet,m,indian
bintu,m,indian
hayatul,m,indian
santrm,m,indian
shahnwaj,m,indian
nrendr,m,indian
ahupendra,m,indian
dharmveer,m,indian
mehboob,m,indian
saddham,m,indian
youraj,m,indian
puspendar,m,indian
puneet,m,indian
babulal,m,indian
kirshan,m,indian
kanok,m,indian
sahna,m,indian
ayube,m,indian
balam,m,indian
rajeshvr,m,indian
shahvaj,m,indian
nathulal,m,indian
shivraj,m,indian
shubhm,m,indian
kishor,m,indian
kirtiman,m,indian
dikshant,m,indian
shokat,m,indian
sorbh,m,indian
narendar,m,indian
pujja,m,indian
amarchand,m,indian
aashish,m,indian
lakhi,m,indian
omesh,m,indian
sarita,m,indian
sharib,m,indian
tafsir,m,indian
anita,m,indian
harvans,m,indian
imtiyaz,m,indian
bahadur,m,indian
rishiraj,m,indian
natthu,m,indian
khubchand,m,indian
sanjeet,m,indian
anubhav,m,indian
sashi,m,indian
mithlesh,m,indian
aansu,m,indian
mukhtar,m,indian
gyandeep,m,indian
faizal,m,indian
omparsad,m,indian
mahfooj,m,indian
janta,m,indian
jalsingh,m,indian
amjad,m,indian
khushnaseeb,m,indian
goverdhan,m,indian
mudasar,m,indian
varsha,m,indian
nadhim,m,indian
ibraheem,m,indian
ashiqu,m,indian
asfak,m,indian
givinda,m,indian
veerbhan,m,indian
allauddin,m,indian
vinaysingh,m,indian
najrin,m,indian
bhuri,m,indian
mahadev,m,indian
naeem,m,indian
partap,m,indian
himal,m,indian
preeti,m,indian
maryam,m,indian
sompal,m,indian
gyanwati,m,indian
aarti,m,indian
razim,m,indian
saket,m,indian
nanhey,m,indian
mousin,m,indian
rajuddin,m,indian
hashrat,m,indian
pallu,m,indian
patav,m,indian
ramveer,m,indian
param,m,indian
usman,m,indian
susant,m,indian
dharmraj,m,indian
hardas,m,indian
hardass,m,indian
devendra,m,indian
anjum,m,indian
israil,m,indian
vaibahv,m,indian
risiraj,m,indian
dayaram,m,indian
lukman,m,indian
bhudhashen,m,indian
sardeep,m,indian
netram,m,indian
monti,m,indian
perkash,m,indian
satyender,m,indian
mumtaj,m,indian
gahnshyam,m,indian
salaman,m,indian
chunnu,m,indian
mohini,m,indian
allaraji,m,indian
jainab,m,indian
kudeep,m,indian
megharam,m,indian
dhiraj,m,indian
rajibul,m,indian
rijwan,m,indian
ramkhilawan,m,indian
meena,m,indian
dhrampla,m,indian
chandru,m,indian
lallu,m,indian
jeete,m,indian
umashanker,m,indian
madanlal,m,indian
abhinay,m,indian
nidhi,m,indian
himansu,m,indian
nagaji,m,indian
abhaysingh,m,indian
kalla,m,indian
viney,m,indian
bhotra,m,indian
sahbuddin,m,indian
shaulal,m,indian
akeel,m,indian
nasrul,m,indian
bhalaram,m,indian
rampaal,m,indian
saurab,m,indian
saif,m,indian
veerander,m,indian
sablu,m,indian
parashram,m,indian
furkhan,m,indian
ramu,m,indian
sedarath,m,indian
shanu,m,indian
jittender,m,indian
sitare,m,indian
viccky,m,indian
mokida,m,indian
noori,m,indian
ramdin,m,indian
raghbir,m,indian
pravesh,m,indian
udit,m,indian
shivram,m,indian
laxmanram,m,indian
jamshed,m,indian
viresh,m,indian
umardaraz,m,indian
shamshudin,m,indian
gudiya,m,indian
shahboob,m,indian
hanuman,m,indian
shaboob,m,indian
gurubaksh,m,indian
shani,m,indian
rocky,m,indian
yudhbir,m,indian
jagan,m,indian
vaibhav,m,indian
mahkar,m,indian
naimuddin,m,indian
jaisigh,m,indian
shahir,m,indian
subesh,m,indian
vazid,m,indian
parven,m,indian
madhu,m,indian
mohanram,m,indian
jeesan,m,indian
shahbaz,m,indian
balwant,m,indian
pushkar,m,indian
dhreej,m,indian
montu,m,indian
jagmohan,m,indian
kaleem,m,indian
hisamuddin,m,indian
rambir,m,indian
ganpatram,m,indian
istyak,m,indian
saieman,m,indian
ramdev,m,indian
pannalal,m,indian
budhan,m,indian
rohil,m,indian
jamil,m,indian
chitra,m,indian
yusaf,m,indian
khusbu,m,indian
surjit,m,indian
ujjair,m,indian
zuveb,m,indian
rasul,m,indian
ramavtar,m,indian
sohil,m,indian
azad,m,indian
mohanlal,m,indian
nikita,m,indian
tohseeem,m,indian
yograj,m,indian
tajinder,m,indian
sarves,m,indian
rookmani,m,indian
muslim,m,indian
manphool,m,indian
shanker,m,indian
umardeen,m,indian
arti,m,indian
balbir,m,indian
pravendra,m,indian
parvinder,m,indian
sokat,m,indian
gugna,m,indian
dabbu,m,indian
gulfan,m,indian
vishesh,m,indian
sundar,m,indian
radhyshyam,m,indian
deepali,m,indian
dharmpal,m,indian
mahasingh,m,indian
abid,m,indian
nosad,m,indian
karmbir,m,indian
nishal,m,indian
babram,m,indian
sarfaraj,m,indian
satveer,m,indian
hanny,m,indian
ramsawroop,m,indian
bindu,m,indian
badrulla,m,indian
rambhul,m,indian
hani,m,indian
mangta,m,indian
neeshu,m,indian
kaishav,m,indian
vaseem,m,indian
piuesh,m,indian
prdeep,m,indian
wiliyam,m,indian
samsudin,m,indian
kalicharan,m,indian
mahraj,m,indian
amandeep,m,indian
chinu,m,indian
dhanraj,m,indian
jayshing,m,indian
satrudan,m,indian
dharamender,m,indian
ramdas,m,indian
sohanlal,m,indian
vitan,m,indian
nawab,m,indian
nandram,m,indian
juhi,m,indian
jhaban,m,indian
chhinderpal,m,indian
bishan,m,indian
jaijairam,m,indian
ramnath,m,indian
laliya,m,indian
durgpal,m,indian
uday,m,indian
shelendra,m,indian
puspender,m,indian
girish,m,indian
pushank,m,indian
purnmal,m,indian
aamil,m,indian
alam,m,indian
bhahadur,m,indian
samayddin,m,indian
narander,m,indian
ojas,m,indian
baggusingh,m,indian
mangelal,m,indian
guljar,m,indian
ompal,m,indian
jiyaul,m,indian
bhavishya,m,indian
bhhatu,m,indian
heera,m,indian
kulbhushan,m,indian
juvel,m,indian
sudeshwer,m,indian
punia,m,indian
karansingh,m,indian
fazaley,m,indian
nasrudeen,m,indian
sirajuddin,m,indian
lakshmi,m,indian
tribavan,m,indian
aaftab,m,indian
mookan,m,indian
pannu,m,indian
nooralha,m,indian
jeetram,m,indian
vijender,m,indian
diljan,m,indian
nooralam,m,indian
jasveen,m,indian
ramsewak,m,indian
manmohan,m,indian
bhismpal,m,indian
kali,m,indian
sheru,m,indian
rinkal,m,indian
shahruf,m,indian
islamuddin,m,indian
vijeta,m,indian
ramlakhan,m,indian
rame,m,indian
narbir,m,indian
sammiuddin,m,indian
aalam,m,indian
motilal,m,indian
farukh,m,indian
janeshwar,m,indian
anupam,m,indian
salmam,m,indian
roshanlal,m,indian
ravindar,m,indian
janardam,m,indian
hemanshu,m,indian
aakas,m,indian
jarif,m,indian
satynarayan,m,indian
michael,m,indian
akil,m,indian
gurprit,m,indian
chhotu,m,indian
kanhaya,m,indian
bhojpal,m,indian
uttam,m,indian
radesyam,m,indian
birajbhushan,m,indian
kallu,m,indian
iqarar,m,indian
sukhlal,m,indian
prabhu,m,indian
jagdeep,m,indian
mudsir,m,indian
aadesh,m,indian
subhod,m,indian
juber,m,indian
ammar,m,indian
jigar,m,indian
bhim,m,indian
murarilal,m,indian
juhewuddin,m,indian
rammurti,m,indian
mamata,m,indian
knheyalal,m,indian
rambharos,m,indian
tamnna,m,indian
gurdeep,m,indian
motilaal,m,indian
megraaj,m,indian
premnarayan,m,indian
vikesh,m,indian
roopnarayan,m,indian
vimukt,m,indian
anooj,m,indian
meharban,m,indian
gurucharan,m,indian
kamaljeet,m,indian
mittopuri,m,indian
amratalal,m,indian
bhuwan,m,indian
nahid,m,indian
vishamitra,m,indian
amarvesh,m,indian
premsingh,m,indian
mahtab,m,indian
mohsin,m,indian
rafiq,m,indian
amot,m,indian
dipansu,m,indian
sohib,m,indian
trilok,m,indian
anup,m,indian
lucky,m,indian
panaj,m,indian
madharam,m,indian
yasin,m,indian
yashin,m,indian
raspal,m,indian
nishu,m,indian
harinder,m,indian
dorilal,m,indian
naina,m,indian
aashis,m,indian
sinta,m,indian
vishvanath,m,indian
khalil,m,indian
nashimuddin,m,indian
kayum,m,indian
omkar,m,indian
shiraj,m,indian
yadram,m,indian
yesh,m,indian
kalip,m,indian
reenu,m,indian
kunden,m,indian
deepika,m,indian
kuldeel,m,indian
popinder,m,indian
mehruddin,m,indian
rajkumarm,m,indian
fharman,m,indian
binnu,m,indian
rihaan,m,indian
gangaram,m,indian
pemaram,m,indian
faizudeen,m,indian
aravind,m,indian
dulichand,m,indian
shoaib,m,indian
manikchand,m,indian
sarafraj,m,indian
jitander,m,indian
pawansingh,m,indian
sanjiv,m,indian
mogan,m,indian
mesak,m,indian
umasankar,m,indian
prakesh,m,indian
rambhool,m,indian
anirudh,m,indian
gufran,m,indian
subrati,m,indian
pinttu,m,indian
karnesh,m,indian
kedarmal,m,indian
sanjeevan,m,indian
arbaj,m,indian
tikaram,m,indian
shubankar,m,indian
bhuralal,m,indian
gulab,m,indian
pankajsheel,m,indian
devilal,m,indian
sanjey,m,indian
shajid,m,indian
omendra,m,indian
rahimuddin,m,indian
vijaypal,m,indian
bhure,m,indian
shokesh,m,indian
jagat,m,indian
sabbu,m,indian
kanhyalal,m,indian
gurnam,m,indian
rahishudeen,m,indian
pyarelal,m,indian
rahil,m,indian
kalyan,m,indian
aanand,m,indian
nayeem,m,indian
ramswroop,m,indian
prempal,m,indian
bhoopsingh,m,indian
mayak,m,indian
arnab,m,indian
pushpendra,m,indian
goutam,m,indian
badal,m,indian
sudesh,m,indian
irsad,m,indian
raheesh,m,indian
shivbhagvan,m,indian
akkni,m,indian
bikram,m,indian
binpal,m,indian
karishan,m,indian
kamala,m,indian
murli,m,indian
bhart,m,indian
peentu,m,indian
jantarpal,m,indian
deepanker,m,indian
haseen,m,indian
maniram,m,indian
jagdeesh,m,indian
omprakesh,m,indian
sirazudeen,m,indian
talib,m,indian
netrapal,m,indian
muntajar,m,indian
naajim,m,indian
pramjeet,m,indian
kamrudeen,m,indian
nijamudeen,m,indian
vahab,m,indian
motolal,m,indian
narinder,m,indian
lakhua,m,indian
amritpal,m,indian
kohinoor,m,indian
gokul,m,indian
mohatter,m,indian
sazid,m,indian
rehmat,m,indian
baljeet,m,indian
dhirpal,m,indian
birender,m,indian
ratnesh,m,indian
chanda,m,indian
gauri,m,indian
ajmer,m,indian
nitu,m,indian
samina,m,indian
randhir,m,indian
baudi,m,indian
jimmi,m,indian
sameeruddin,m,indian
randeep,m,indian
rambhajan,m,indian
kisan,m,indian
lakky,m,indian
shishpal,m,indian
mantu,m,indian
bhima,m,indian
prshant,m,indian
nazmuslam,m,indian
prabhatilal,m,indian
manojkumar,m,indian
pinku,m,indian
bajinder,m,indian
omprkesh,m,indian
fazulla,m,indian
lilaram,m,indian
dhmendar,m,indian
dhamender,m,indian
jamaal,m,indian
warmati,m,indian
patender,m,indian
narbahadur,m,indian
kirodimal,m,indian
kishore,m,indian
tundiram,m,indian
aarav,m,indian
iqram,m,indian
bundhu,m,indian
vindeshver,m,indian
sawarmal,m,indian
budhram,m,indian
padam,m,indian
talvender,m,indian
jalil,m,indian
umlesh,m,indian
bagaram,m,indian
deepa,m,indian
chunni,m,indian
altmash,m,indian
depander,m,indian
horam,m,indian
chaturbhuj,m,indian
mahinudin,m,indian
lavkush,m,indian
kush,m,indian
jasvinder,m,indian
kedarnath,m,indian
kaleram,m,indian
baidnath,m,indian
badnath,m,indian
pushpender,m,indian
yuveraj,m,indian
azim,m,indian
yashbir,m,indian
rituraj,m,indian
premchand,m,indian
shivlal,m,indian
idrish,m,indian
balwan,m,indian
akheelesh,m,indian
bhavesh,m,indian
julficar,m,indian
ranvir,m,indian
ramender,m,indian
satendra,m,indian
nihalchand,m,indian
vipan,m,indian
vashu,m,indian
allabaksh,m,indian
shivani,m,indian
noshad,m,indian
surajmal,m,indian
badrudeen,m,indian
abhinandan,m,indian
rajdev,m,indian
mukram,m,indian
mangu,m,indian
dilkush,m,indian
karamvir,m,indian
wajuddin,m,indian
yunishs,m,indian
mitthu,m,indian
bhonu,m,indian
sakhichander,m,indian
shivnath,m,indian
dhrambir,m,indian
nareshpal,m,indian
yasmin,m,indian
dhara,m,indian
aazad,m,indian
nathu,m,indian
ahamad,m,indian
yaadram,m,indian
kabid,m,indian
bhorelal,m,indian
mitthun,m,indian
deepvhand,m,indian
jhagdoo,m,indian
disha,m,indian
sarbash,m,indian
mohamad,m,indian
gobind,m,indian
harji,m,indian
majid,m,indian
pasanjeet,m,indian
jishan,m,indian
vashisast,m,indian
muntjar,m,indian
deepi,m,indian
asha,m,indian
munnakumar,m,indian
rajbeer,m,indian
chandreshwar,m,indian
sachidanand,m,indian
mahinder,m,indian
naulesh,m,indian
raisuddin,m,indian
kamalkishore,m,indian
eliyas,m,indian
ramdutt,m,indian
bipin,m,indian
rajnesh,m,indian
gulsher,m,indian
ramjanam,m,indian
arbaz,m,indian
palaram,m,indian
hukamchand,m,indian
israr,m,indian
pooranmal,m,indian
ramotar,m,indian
garsh,m,indian
rohitash,m,indian
pratha,m,indian
ghanshayam,m,indian
bhusan,m,indian
galiya,m,indian
shlender,m,indian
dulal,m,indian
tanuja,m,indian
shalender,m,indian
ramjani,m,indian
neetu,m,indian
hasina,m,indian
gagandeep,m,indian
adan,m,indian
ramdhan,m,indian
ashrfi,m,indian
ram,m,indian
alim,m,indian
dharminder,m,indian
vikaram,m,indian
jafruddin,m,indian
baleshwer,m,indian
kale,m,indian
banju,m,indian
mahboob,m,indian
hanshraj,m,indian
barkat,m,indian
sohel,m,indian
keshram,m,indian
navendra,m,indian
kishnaram,m,indian
rana,m,indian
jagbir,m,indian
mukkesh,m,indian
kareshan,m,indian
parmodh,m,indian
parsant,m,indian
jishant,m,indian
dalpat,m,indian
deeraj,m,indian
budhu,m,indian
maushid,m,indian
mudssir,m,indian
lav,m,indian
mushir,m,indian
rambarose,m,indian
ansar,m,indian
biram,m,indian
jaquir,m,indian
sadabrij,m,indian
aahim,m,indian
shahbuddin,m,indian
pervinder,m,indian
gurdayal,m,indian
mrityunjay,m,indian
syamsunder,m,indian
sattaram,m,indian
subburaiyalu,m,indian
upender,m,indian
ramjiyawan,m,indian
babar,m,indian
latesh,m,indian
riyazuddin,m,indian
urmila,m,indian
kalayan,m,indian
rafi,m,indian
altab,m,indian
yaqoob,m,indian
muzamiil,m,indian
adrash,m,indian
lekhram,m,indian
hardev,m,indian
pusgpender,m,indian
sumesh,m,indian
sunilrawat,m,indian
menpal,m,indian
hitlar,m,indian
kala,m,indian
faiyaaz,m,indian
fakrudeen,m,indian
vinayak,m,indian
afjal,m,indian
satayanarayan,m,indian
maisan,m,indian
nadem,m,indian
sorab,m,indian
omparkesh,m,indian
jitesh,m,indian
kouchu,m,indian
mujeeb,m,indian
saud,m,indian
ghantoli,m,indian
muzmil,m,indian
abhinav,m,indian
riyajul,m,indian
chandpreet,m,indian
leelu,m,indian
sahnabaj,m,indian
titu,m,indian
sahabudeen,m,indian
jaspreet,m,indian
nesha,m,indian
tulcharam,m,indian
punkaj,m,indian
dashrath,m,indian
adalat,m,indian
sumnesh,m,indian
chunaram,m,indian
ravishankar,m,indian
yadvir,m,indian
somprakash,m,indian
ramniwas,m,indian
tariq,m,indian
banti,m,indian
atif,m,indian
sauhal,m,indian
sanny,m,indian
kauva,m,indian
sethi,m,indian
malkeet,m,indian
julfikaar,m,indian
tilakraj,m,indian
sahnaj,m,indian
amrjeet,m,indian
basibul,m,indian
dhulin,m,indian
ilyas,m,indian
rafeddin,m,indian
shital,m,indian
deni,m,indian
dilvar,m,indian
pritam,m,indian
prinsh,m,indian
harun,m,indian
akhileshwer,m,indian
sukhsohan,m,indian
shahzad,m,indian
sushpal,m,indian
ikbal,m,indian
krishnal,m,indian
rasid,m,indian
osier,m,indian
sakchan,m,indian
kirorimal,m,indian
bhimsen,m,indian
daksh,m,indian
vakeel,m,indian
mishrilaal,m,indian
mosim,m,indian
parth,m,indian
hamid,m,indian
sainky,m,indian
jayantadass,m,indian
kavit,m,indian
bupal,m,indian
dimpy,m,indian
shayampuri,m,indian
mikel,m,indian
naseef,m,indian
alok,m,indian
tarachand,m,indian
istikar,m,indian
akhalak,m,indian
priju,m,indian
tirath,m,indian
ragib,m,indian
sabid,m,indian
imsaan,m,indian
sahabbudin,m,indian
faizan,m,indian
raisingh,m,indian
rajish,m,indian
teenu,m,indian
jauli,m,indian
pawna,m,indian
jisu,m,indian
lakhmi,m,indian
salauddin,m,indian
tasleem,m,indian
choturam,m,indian
pardeshi,m,indian
lovely,m,indian
hasir,m,indian
soheb,m,indian
dasharath,m,indian
sombir,m,indian
kalpna,m,indian
happy,m,indian
shakti,m,indian
ruchit,m,indian
kulli,m,indian
baniya,m,indian
matok,m,indian
bajulal,m,indian
nandi,m,indian
jasvir,m,indian
raeeyan,m,indian
piyus,m,indian
anshum,m,indian
gensingh,m,indian
balaram,m,indian
soyab,m,indian
deendyal,m,indian
rizwaan,m,indian
ruksar,m,indian
shispal,m,indian
laxminarain,m,indian
moolchul,m,indian
monupal,m,indian
nooruddin,m,indian
puran,m,indian
tauseek,m,indian
sokin,m,indian
gollu,m,indian
jai,m,indian
pinki,m,indian
rayish,m,indian
avid,m,indian
buddha,m,indian
shivani,f,indian
isha,f,indian
shyani,f,indian
divya,f,indian
mansi,f,indian
mazida,f,indian
pooja,f,indian
kajal,f,indian
meena,f,indian
sonam,f,indian
buity,f,indian
hina,f,indian
shakshi,f,indian
anita,f,indian
neetu,f,indian
anshu,f,indian
kanika,f,indian
manju,f,indian
reena,f,indian
neha,f,indian
khushboo,f,indian
aasmin,f,indian
jyoti,f,indian
riya,f,indian
rekha,f,indian
leela,f,indian
gulshan,f,indian
priya,f,indian
rakhi,f,indian
versha,f,indian
sunita,f,indian
nitu,f,indian
vandana,f,indian
roshni,f,indian
parveen,f,indian
versa,f,indian
kavita,f,indian
sarojani,f,indian
nagina,f,indian
tapas,f,indian
priyanka,f,indian
santna,f,indian
khushbu,f,indian
any,f,indian
deeya,f,indian
anjali,f,indian
champa,f,indian
monika,f,indian
rimmi,f,indian
aanamika,f,indian
chahat,f,indian
nagma,f,indian
koshal,f,indian
laxmi,f,indian
sandhya,f,indian
poonam,f,indian
sna,f,indian
nikita,f,indian
layba,f,indian
iqra,f,indian
salima,f,indian
naziya,f,indian
priti,f,indian
kamni,f,indian
renu,f,indian
minakchi,f,indian
ruby,f,indian
farhana,f,indian
sheetal,f,indian
kalyani,f,indian
palak,f,indian
babita,f,indian
gurdeep,f,indian
dhanwanti,f,indian
fooljhnah,f,indian
shehnaz,f,indian
ranju,f,indian
vidhi,f,indian
savita,f,indian
payal,f,indian
priynka,f,indian
janki,f,indian
rinku,f,indian
sohni,f,indian
basnti,f,indian
meera,f,indian
pinki,f,indian
shivani,f,indian
kiran,f,indian
sonia,f,indian
doly,f,indian
raj,f,indian
manisha,f,indian
swati,f,indian
aashiya,f,indian
vimla,f,indian
suman,f,indian
karina,f,indian
seema,f,indian
kranti,f,indian
dimpal,f,indian
aarti,f,indian
sashi,f,indian
preeti,f,indian
shajiya,f,indian
shanti,f,indian
sitara,f,indian
aakanksha,f,indian
charu,f,indian
nilam,f,indian
chango,f,indian
shiv,f,indian
kaushaliya,f,indian
mangla,f,indian
usha,f,indian
nisha,f,indian
subhadra,f,indian
lalita,f,indian
asma,f,indian
kalawati,f,indian
santosh,f,indian
tina,f,indian
chanchal,f,indian
mercy,f,indian
varsha,f,indian
huma,f,indian
gulbasha,f,indian
rahila,f,indian
geeta,f,indian
shenaz,f,indian
rinki,f,indian
chandni,f,indian
ruksana,f,indian
vivek,f,indian
heena,f,indian
rajni,f,indian
nidhi,f,indian
mala,f,indian
hamida,f,indian
kanchan,f,indian
priyaki,f,indian
ranu,f,indian
leelawati,f,indian
kamla,f,indian
arti,f,indian
mamta,f,indian
anju,f,indian
noor,f,indian
saroj,f,indian
rosy,f,indian
rinukanwr,f,indian
shalu,f,indian
sneha,f,indian
komal,f,indian
sapna,f,indian
devki,f,indian
sahin,f,indian
asha,f,indian
kusum,f,indian
archna,f,indian
himanshi,f,indian
anuradha,f,indian
durga,f,indian
sony,f,indian
preety,f,indian
rubina,f,indian
sangeeta,f,indian
madhuri,f,indian
shabanm,f,indian
meenu,f,indian
amar,f,indian
neelam,f,indian
rajia,f,indian
devi,f,indian
sita,f,indian
rubi,f,indian
priyansi,f,indian
nandu,f,indian
nazmin,f,indian
tripti,f,indian
ramvati,f,indian
afsana,f,indian
farida,f,indian
simran,f,indian
ranita,f,indian
yogita,f,indian
soniya,f,indian
hemlata,f,indian
sushma,f,indian
ranjana,f,indian
salma,f,indian
rukshana,f,indian
astha,f,indian
fahija,f,indian
reeta,f,indian
noojo,f,indian
chaya,f,indian
sakila,f,indian
rehana,f,indian
radha,f,indian
kumari,f,indian
mira,f,indian
roshini,f,indian
shilpa,f,indian
sudha,f,indian
afrin,f,indian
sabnam,f,indian
batloon,f,indian
anjum,f,indian
mohini,f,indian
samsad,f,indian
sama,f,indian
maya,f,indian
jassi,f,indian
yashoda,f,indian
susila,f,indian
ramaiya,f,indian
kamli,f,indian
munbura,f,indian
bulbul,f,indian
rupa,f,indian
kumkum,f,indian
sweety,f,indian
gulafsa,f,indian
captain,f,indian
akansha,f,indian
sefali,f,indian
khshbu,f,indian
sunaki,f,indian
paramjeet,f,indian
sangeet,f,indian
neelima,f,indian
deepti,f,indian
rajkumari,f,indian
rizwana,f,indian
gulnanj,f,indian
archana,f,indian
dipti,f,indian
araddhna,f,indian
bharti,f,indian
ku,f,indian
babli,f,indian
muskan,f,indian
badrunisha,f,indian
varsa,f,indian
shukla,f,indian
ekta,f,indian
minakshi,f,indian
nasima,f,indian
rajesh,f,indian
juneb,f,indian
parerna,f,indian
alka,f,indian
gungun,f,indian
kiswar,f,indian
vandhna,f,indian
munni,f,indian
saneha,f,indian
reema,f,indian
yashika,f,indian
tapsam,f,indian
khusboo,f,indian
ishika,f,indian
partibha,f,indian
narbada,f,indian
deepika,f,indian
spana,f,indian
rita,f,indian
reshma,f,indian
samaiali,f,indian
samreen,f,indian
pankaj,f,indian
roshan,f,indian
gul,f,indian
shana,f,indian
tanuja,f,indian
rishu,f,indian
gunjan,f,indian
khusbhu,f,indian
lakhi,f,indian
nayana,f,indian
nirmal,f,indian
bhawana,f,indian
jamrujaha,f,indian
puja,f,indian
ruchi,f,indian
aruna,f,indian
deepa,f,indian
sunaina,f,indian
gulista,f,indian
kesnata,f,indian
matul,f,indian
nainshi,f,indian
mubshshira,f,indian
sona,f,indian
neeru,f,indian
poornima,f,indian
shayra,f,indian
himani,f,indian
sazi,f,indian
rashida,f,indian
radhika,f,indian
ruzina,f,indian
kajol,f,indian
rukmani,f,indian
shabana,f,indian
sarita,f,indian
neelu,f,indian
rangeeta,f,indian
shahnawaj,f,indian
rimpy,f,indian
chumki,f,indian
virjiniya,f,indian
gulfasha,f,indian
nirmla,f,indian
saanu,f,indian
apsana,f,indian
bharkah,f,indian
deepali,f,indian
mudsay,f,indian
rubbi,f,indian
ruksar,f,indian
kusuma,f,indian
sumnesh,f,indian
lali,f,indian
zareena,f,indian
karishma,f,indian
jasoda,f,indian
shathi,f,indian
nimla,f,indian
menadevi,f,indian
sameem,f,indian
shrishti,f,indian
jyoty,f,indian
gudya,f,indian
laxami,f,indian
meghana,f,indian
kangana,f,indian
garima,f,indian
nandni,f,indian
nazrin,f,indian
saraswati,f,indian
bhatri,f,indian
montu,f,indian
madhu,f,indian
mudrika,f,indian
gytri,f,indian
shashi,f,indian
suganti,f,indian
nekki,f,indian
khushi,f,indian
kureja,f,indian
anupama,f,indian
gyatri,f,indian
ridhima,f,indian
naseeba,f,indian
jeenat,f,indian
biwa,f,indian
gayatri,f,indian
megha,f,indian
neni,f,indian
surjeet,f,indian
parwati,f,indian
kanta,f,indian
prema,f,indian
sajida,f,indian
disha,f,indian
minakxi,f,indian
ranjeeta,f,indian
anam,f,indian
vibha,f,indian
krishna,f,indian
resham,f,indian
pavitra,f,indian
manpreet,f,indian
bigan,f,indian
razia,f,indian
pushpa,f,indian
aman,f,indian
indra,f,indian
parul,f,indian
sabbo,f,indian
bimlesh,f,indian
chhabi,f,indian
bindiya,f,indian
tara,f,indian
sarojini,f,indian
phulkana,f,indian
krishka,f,indian
ilema,f,indian
sahar,f,indian
sahiba,f,indian
bimla,f,indian
rada,f,indian
rahina,f,indian
parvesh,f,indian
manorma,f,indian
kirti,f,indian
alam,f,indian
kum,f,indian
tamsa,f,indian
hoor,f,indian
harneet,f,indian
roshani,f,indian
sukhbir,f,indian
saveta,f,indian
rani,f,indian
kafia,f,indian
rubby,f,indian
ankita,f,indian
kinya,f,indian
shikha,f,indian
pallavi,f,indian
sakshi,f,indian
asgari,f,indian
mumtaz,f,indian
anupam,f,indian
parniti,f,indian
pappy,f,indian
raziya,f,indian
diksha,f,indian
jamila,f,indian
sabhana,f,indian
durgash,f,indian
namarta,f,indian
phoolmani,f,indian
shiwani,f,indian
naseem,f,indian
hemraj,f,indian
ramwati,f,indian
imrana,f,indian
vaishali,f,indian
kripya,f,indian
rashika,f,indian
bilke,f,indian
punam,f,indian
kulli,f,indian
kali,f,indian
chotti,f,indian
sivani,f,indian
shamima,f,indian
rama,f,indian
sunali,f,indian
zahira,f,indian
purnima,f,indian
anshul,f,indian
anjli,f,indian
himansi,f,indian
dharmshila,f,indian
hemani,f,indian
sunder,f,indian
sareen,f,indian
sonali,f,indian
soni,f,indian
gyan,f,indian
vinod,f,indian
mamuni,f,indian
raja,f,indian
padma,f,indian
jaya,f,indian
madam,f,indian
jeta,f,indian
naveena,f,indian
anu,f,indian
ram,f,indian
sumitra,f,indian
subhdra,f,indian
shallu,f,indian
ahsamin,f,indian
vandna,f,indian
kanti,f,indian
labbhi,f,indian
shabnam,f,indian
kamlesh,f,indian
harpreet,f,indian
gauri,f,indian
muskhan,f,indian
annu,f,indian
santoshi,f,indian
nurbi,f,indian
anil,f,indian
ramli,f,indian
beauty,f,indian
sarvesh,f,indian
praveena,f,indian
reetu,f,indian
munnadevi,f,indian
sabina,f,indian
mayuri,f,indian
maheshar,f,indian
sukenta,f,indian
sanjana,f,indian
rozi,f,indian
sajia,f,indian
shaving,f,indian
bitoo,f,indian
genda,f,indian
vidhya,f,indian
aditya,f,indian
gajala,f,indian
ravinder,f,indian
rukhsar,f,indian
ritika,f,indian
ritu,f,indian
bhuri,f,indian
amiraka,f,indian
malvika,f,indian
gotiya,f,indian
shveta,f,indian
yasmin,f,indian
nirvat,f,indian
aaysha,f,indian
shahna,f,indian
dhapu,f,indian
mausam,f,indian
naraini,f,indian
chinki,f,indian
naryani,f,indian
rachna,f,indian
jagrti,f,indian
niti,f,indian
pinky,f,indian
tarun,f,indian
sumirta,f,indian
anjila,f,indian
renuka,f,indian
rajeshwari,f,indian
savina,f,indian
shaifali,f,indian
tanya,f,indian
aayana,f,indian
shabina,f,indian
dipika,f,indian
urmila,f,indian
doli,f,indian
dimple,f,indian
sobha,f,indian
nasim,f,indian
santok,f,indian
aaradhana,f,indian
harshita,f,indian
nabila,f,indian
shakuntala,f,indian
bobi,f,indian
aradhana,f,indian
baby,f,indian
miss,f,indian
marya,f,indian
rojmen,f,indian
sugna,f,indian
radikha,f,indian
meeta,f,indian
saniya,f,indian
savitri,f,indian
farheen,f,indian
naina,f,indian
shanichari,f,indian
iqrar,f,indian
tanvi,f,indian
hema,f,indian
haseena,f,indian
mamita,f,indian
meenakshi,f,indian
tapsya,f,indian
supriya,f,indian
ashanjali,f,indian
marjina,f,indian
richa,f,indian
salmakhatun,f,indian
beera,f,indian
nargis,f,indian
malti,f,indian
ramdulari,f,indian
sheela,f,indian
jayanti,f,indian
hyatun,f,indian
firida,f,indian
rajwati,f,indian
priyak,f,indian
tuba,f,indian
radhabai,f,indian
ramila,f,indian
devender,f,indian
shusila,f,indian
ameera,f,indian
vinita,f,indian
mahadevi,f,indian
veenita,f,indian
atta,f,indian
dhola,f,indian
vijeta,f,indian
gudiya,f,indian
sajiya,f,indian
mooli,f,indian
paryanka,f,indian
naveela,f,indian
sundga,f,indian
farzana,f,indian
mona,f,indian
gulnaj,f,indian
shahin,f,indian
amrita,f,indian
kamana,f,indian
yukilal,f,indian
aasha,f,indian
joyti,f,indian
chander,f,indian
sushmita,f,indian
paka,f,indian
sanju,f,indian
prinka,f,indian
shipra,f,indian
aafrin,f,indian
gyaan,f,indian
sharda,f,indian
anjara,f,indian
sarla,f,indian
masuma,f,indian
jinat,f,indian
ravina,f,indian
chameli,f,indian
chanda,f,indian
rashi,f,indian
yogeshwari,f,indian
sweta,f,indian
sonu,f,indian
santi,f,indian
sweeti,f,indian
shital,f,indian
nosi,f,indian
safila,f,indian
robi,f,indian
pratibha,f,indian
aashi,f,indian
ladli,f,indian
mangubai,f,indian
sabiya,f,indian
tulsi,f,indian
sushil,f,indian
chandra,f,indian
khusbu,f,indian
ganga,f,indian
ashwani,f,indian
bhumika,f,indian
asharani,f,indian
arsi,f,indian
munna,f,indian
seeta,f,indian
ramesh,f,indian
kanku,f,indian
varisha,f,indian
bindu,f,indian
bhawna,f,indian
vandita,f,indian
niru,f,indian
jagviri,f,indian
saveena,f,indian
ramkali,f,indian
tarannum,f,indian
smariti,f,indian
tahira,f,indian
rubo,f,indian
dulari,f,indian
nand,f,indian
rashmi,f,indian
sayara,f,indian
tyara,f,indian
sudama,f,indian
sushila,f,indian
gyarsi,f,indian
bala,f,indian
julekha,f,indian
urvarshi,f,indian
kalpna,f,indian
geetu,f,indian
nandani,f,indian
bahalen,f,indian
bhavana,f,indian
abida,f,indian
manoj,f,indian
guni,f,indian
nazreen,f,indian
sameena,f,indian
nirmala,f,indian
shima,f,indian
saaniya,f,indian
dixya,f,indian
raminder,f,indian
sikha,f,indian
ragni,f,indian
gurpreet,f,indian
nena,f,indian
gaytri,f,indian
deepanshi,f,indian
narbda,f,indian
asmit,f,indian
preti,f,indian
sima,f,indian
eshavarya,f,indian
anarkali,f,indian
manlisa,f,indian
afarin,f,indian
bhagya,f,indian
alema,f,indian
risabh,f,indian
paro,f,indian
sapana,f,indian
ambika,f,indian
yashmin,f,indian
bhagwati,f,indian
sumalia,f,indian
reetima,f,indian
dharma,f,indian
hadisha,f,indian
suhani,f,indian
barti,f,indian
onginye,f,indian
reenu,f,indian
nazahat,f,indian
nency,f,indian
chanderkala,f,indian
kawal,f,indian
sarika,f,indian
durgesh,f,indian
sanna,f,indian
vineta,f,indian
kishmat,f,indian
salina,f,indian
tamnna,f,indian
nishu,f,indian
lakshmi,f,indian
barkha,f,indian
gulshtab,f,indian
suchitra,f,indian
saira,f,indian
nikky,f,indian
sabana,f,indian
dhakhadevi,f,indian
ambiya,f,indian
premwati,f,indian
amuda,f,indian
shakeena,f,indian
khairu,f,indian
mamata,f,indian
sonaki,f,indian
shila,f,indian
pooga,f,indian
alahbasri,f,indian
ajmeri,f,indian
krishana,f,indian
karamjeet,f,indian
rajshree,f,indian
sitra,f,indian
sano,f,indian
aditi,f,indian
similata,f,indian
sadhna,f,indian
raveena,f,indian
fareena,f,indian
farina,f,indian
beena,f,indian
sumentra,f,indian
nanda,f,indian
mukti,f,indian
poga,f,indian
gulsana,f,indian
manjeet,f,indian
bhatari,f,indian
niranjan,f,indian
shahnaz,f,indian
arati,f,indian
roshanara,f,indian
shiba,f,indian
pavi,f,indian
gulfsa,f,indian
kherul,f,indian
ashra,f,indian
arzoo,f,indian
shiva,f,indian
huseni,f,indian
sehran,f,indian
rinesh,f,indian
harmit,f,indian
rena,f,indian
aanchal,f,indian
madhuni,f,indian
nitasha,f,indian
antim,f,indian
rihana,f,indian
juhi,f,indian
amina,f,indian
manka,f,indian
manni,f,indian
amasi,f,indian
lata,f,indian
chandani,f,indian
tanushri,f,indian
juna,f,indian
namita,f,indian
urwashi,f,indian
lisha,f,indian
satwanti,f,indian
shanu,f,indian
namra,f,indian
aasma,f,indian
dev,f,indian
twinkal,f,indian
vakila,f,indian
rajani,f,indian
harprit,f,indian
bhavna,f,indian
birmadevi,f,indian
sufia,f,indian
krishma,f,indian
muli,f,indian
firdosh,f,indian
soona,f,indian
premlata,f,indian
manormapal,f,indian
mahak,f,indian
alapna,f,indian
goldy,f,indian
sehnaj,f,indian
alseepa,f,indian
jafrin,f,indian
anjana,f,indian
mariyam,f,indian
najrin,f,indian
chand,f,indian
darkash,f,indian
tarnnum,f,indian
tumpa,f,indian
mohseena,f,indian
dayawati,f,indian
sanjna,f,indian
binnu,f,indian
laxita,f,indian
piryanka,f,indian
runiya,f,indian
jharna,f,indian
nirja,f,indian
mangi,f,indian
suntia,f,indian
jaspreet,f,indian
rimjhim,f,indian
shruti,f,indian
shadhana,f,indian
reemi,f,indian
hini,f,indian
sangeta,f,indian
nirosha,f,indian
uma,f,indian
asana,f,indian
anchal,f,indian
kosar,f,indian
unknown,f,indian
rajiya,f,indian
saviha,f,indian
surbhi,f,indian
maina,f,indian
sema,f,indian
aarifun,f,indian
sultana,f,indian
anushka,f,indian
gita,f,indian
fakiri,f,indian
alina,f,indian
frra,f,indian
snah,f,indian
nehal,f,indian
nusrat,f,indian
naseema,f,indian
zina,f,indian
shkuntala,f,indian
simranjeet,f,indian
shakuntla,f,indian
vishal,f,indian
anusoya,f,indian
ashman,f,indian
inderjeet,f,indian
sabeena,f,indian
kawita,f,indian
rabina,f,indian
habiba,f,indian
phalguni,f,indian
akash,f,indian
marti,f,indian
veena,f,indian
spna,f,indian
mehwish,f,indian
jeba,f,indian
jasmen,f,indian
fareen,f,indian
bhanweri,f,indian
meenaxi,f,indian
veronika,f,indian
sunil,f,indian
sumanthra,f,indian
saalu,f,indian
pushapa,f,indian
noorjaha,f,indian
himanshu,f,indian
farjana,f,indian
husainpreet,f,indian
rafat,f,indian
gulsan,f,indian
tannu,f,indian
manish,f,indian
vineeta,f,indian
parem,f,indian
pragti,f,indian
nimmy,f,indian
sudershan,f,indian
swata,f,indian
kashish,f,indian
jannat,f,indian
shreemati,f,indian
mishbha,f,indian
hailena,f,indian
bandana,f,indian
mohsina,f,indian
jomiya,f,indian
mushkan,f,indian
gopi,f,indian
jiya,f,indian
babbu,f,indian
sahana,f,indian
shahina,f,indian
rini,f,indian
javitri,f,indian
amisha,f,indian
panchuri,f,indian
ruhi,f,indian
aanya,f,indian
sangita,f,indian
gendi,f,indian
sus,f,indian
shabbenour,f,indian
gango,f,indian
sosri,f,indian
shama,f,indian
susma,f,indian
jainab,f,indian
uzma,f,indian
nargish,f,indian
hansa,f,indian
vijay,f,indian
neema,f,indian
sinaa,f,indian
jashgul,f,indian
shweta,f,indian
alisha,f,indian
anisha,f,indian
muskarn,f,indian
saru,f,indian
murjina,f,indian
bina,f,indian
honey,f,indian
lovely,f,indian
suhana,f,indian
rubee,f,indian
balalia,f,indian
surekha,f,indian
manno,f,indian
shobina,f,indian
nikki,f,indian
joity,f,indian
foranta,f,indian
pammi,f,indian
menu,f,indian
sania,f,indian
tania,f,indian
ruckmani,f,indian
takshila,f,indian
sulekha,f,indian
shilpi,f,indian
sidhi,f,indian
amrit,f,indian
bhanu,f,indian
kaushal,f,indian
shabreen,f,indian
lada,f,indian
girishchandra,f,indian
ilma,f,indian
jaswinder,f,indian
harinder,f,indian
rema,f,indian
anshiya,f,indian
triveni,f,indian
razida,f,indian
puspa,f,indian
jincy,f,indian
ronak,f,indian
farha,f,indian
naushi,f,indian
guddi,f,indian
iesha,f,indian
almina,f,indian
cosmic,f,indian
kishana,f,indian
sujata,f,indian
nirjala,f,indian
saral,f,indian
lila,f,indian
mehak,f,indian
rabin,f,indian
kamrulnisha,f,indian
sudhama,f,indian
armita,f,indian
vimal,f,indian
ranni,f,indian
rohini,f,indian
saloni,f,indian
gulshafa,f,indian
imaman,f,indian
aliya,f,indian
sawana,f,indian
fazia,f,indian
afsha,f,indian
faaija,f,indian
amarin,f,indian
razni,f,indian
musra,f,indian
sutiya,f,indian
nootan,f,indian
farhib,f,indian
kelama,f,indian
jasmina,f,indian
shgita,f,indian
shorav,f,indian
lakhya,f,indian
manbharbai,f,indian
diya,f,indian
nahar,f,indian
palvi,f,indian
killo,f,indian
anoopama,f,indian
arshi,f,indian
bima,f,indian
najma,f,indian
hasina,f,indian
mamtha,f,indian
pramila,f,indian
lakhsmi,f,indian
sonika,f,indian
nirma,f,indian
khushbhu,f,indian
moni,f,indian
nancy,f,indian
suhagini,f,indian
reekha,f,indian
aashma,f,indian
anandi,f,indian
dali,f,indian
tabssum,f,indian
aansi,f,indian
dipanshi,f,indian
kesha,f,indian
padama,f,indian
babby,f,indian
tamanna,f,indian
jay,f,indian
lal,f,indian
liladevi,f,indian
devika,f,indian
tisha,f,indian
mrs,f,indian
anamika,f,indian
sahida,f,indian
ashtha,f,indian
rupender,f,indian
ikara,f,indian
chandrakala,f,indian
gila,f,indian
shamshina,f,indian
priyanshu,f,indian
shushma,f,indian
arthi,f,indian
rasida,f,indian
roji,f,indian
vidha,f,indian
dinesh,f,indian
raju,f,indian
basiran,f,indian
phul,f,indian
jai,f,indian
rima,f,indian
laltes,f,indian
sharadhha,f,indian
mosmi,f,indian
arshla,f,indian
kiriti,f,indian
gaura,f,indian
sahina,f,indian
jasmeet,f,indian
dhaneswar,f,indian
ashu,f,indian
pulita,f,indian
shobha,f,indian
fozia,f,indian
moti,f,indian
chhaya,f,indian
khushnasiba,f,indian
sulochna,f,indian
vinna,f,indian
kirpa,f,indian
saima,f,indian
neeta,f,indian
hazra,f,indian
jameela,f,indian
veero,f,indian
pryanika,f,indian
mithu,f,indian
rucksana,f,indian
shalini,f,indian
shankar,f,indian
binita,f,indian
kushum,f,indian
sartaj,f,indian
pushpan,f,indian
skunatla,f,indian
noorjahan,f,indian
najni,f,indian
tanu,f,indian
rukiya,f,indian
subhagya,f,indian
vijaya,f,indian
shahzadi,f,indian
mustki,f,indian
rukshar,f,indian
luxmi,f,indian
dumani,f,indian
anguri,f,indian
praveen,f,indian
mumtaj,f,indian
mandvi,f,indian
tripta,f,indian
siza,f,indian
nano,f,indian
pyari,f,indian
vimlesh,f,indian
nandini,f,indian
sarsawati,f,indian
chando,f,indian
shushila,f,indian
tulsha,f,indian
hazu,f,indian
dwarika,f,indian
karshana,f,indian
nandita,f,indian
fauina,f,indian
faijina,f,indian
pryinka,f,indian
tarnum,f,indian
roopa,f,indian
lakhbir,f,indian
seweta,f,indian
hemanti,f,indian
nazia,f,indian
gori,f,indian
kaushar,f,indian
philomina,f,indian
kailaki,f,indian
kastoori,f,indian
farah,f,indian
phulbi,f,indian
manu,f,indian
harshi,f,indian
aastha,f,indian
phool,f,indian
mandeep,f,indian
lavpreet,f,indian
jarim,f,indian
aamina,f,indian
mamini,f,indian
shilly,f,indian
meti,f,indian
rupanjali,f,indian
sarah,f,indian
ranjit,f,indian
amandeep,f,indian
sana,f,indian
jamna,f,indian
gulfsal,f,indian
hamim,f,indian
sabba,f,indian
kriti,f,indian
nigar,f,indian
lahida,f,indian
rubeena,f,indian
amba,f,indian
sunayna,f,indian
kaushalya,f,indian
rina,f,indian
ratmo,f,indian
keshanti,f,indian
dholi,f,indian
danista,f,indian
kusumlata,f,indian
teena,f,indian
mithlesh,f,indian
aesha,f,indian
vishakha,f,indian
fool,f,indian
purva,f,indian
nenshi,f,indian
jhuma,f,indian
bhopal,f,indian
sunarki,f,indian
shrabani,f,indian
umda,f,indian
divy,f,indian
rajinder,f,indian
bandani,f,indian
sehjal,f,indian
sehnaz,f,indian
nooreen,f,indian
saridevi,f,indian
jyotsana,f,indian
nasrin,f,indian
saziya,f,indian
jaitun,f,indian
mulina,f,indian
gulfasa,f,indian
sudesh,f,indian
shumita,f,indian
zainab,f,indian
vandhana,f,indian
rabiya,f,indian
chhoti,f,indian
koyali,f,indian
javuneesha,f,indian
ki,f,indian
amritha,f,indian
bindi,f,indian
shbana,f,indian
sahnaz,f,indian
santo,f,indian
paramshela,f,indian
shabra,f,indian
sayda,f,indian
beeuty,f,indian
tabassum,f,indian
daulat,f,indian
nahid,f,indian
sarmila,f,indian
gilbahar,f,indian
narmda,f,indian
shanaz,f,indian
neeli,f,indian
shakti,f,indian
anshika,f,indian
nanveet,f,indian
farjanul,f,indian
chandrika,f,indian
simpi,f,indian
sahna,f,indian
sagrika,f,indian
meeramai,f,indian
rampayari,f,indian
mnisha,f,indian
sabhya,f,indian
bitto,f,indian
khashbu,f,indian
kamar,f,indian
dolat,f,indian
geet,f,indian
mosam,f,indian
amreen,f,indian
ujama,f,indian
mony,f,indian
pariksha,f,indian
mem,f,indian
sumita,f,indian
kunti,f,indian
vikshi,f,indian
sahaja,f,indian
snjana,f,indian
birtha,f,indian
premo,f,indian
jasvir,f,indian
soma,f,indian
aashu,f,indian
manita,f,indian
sheensar,f,indian
rajo,f,indian
sayada,f,indian
muskaan,f,indian
samvedna,f,indian
sadhana,f,indian
sharmila,f,indian
kalpana,f,indian
tehmina,f,indian
kamala,f,indian
kanchaniya,f,indian
birmati,f,indian
kela,f,indian
bhaggo,f,indian
dolly,f,indian
ranjita,f,indian
sazya,f,indian
batasi,f,indian
jaimati,f,indian
amijan,f,indian
fatma,f,indian
hamsiran,f,indian
mammta,f,indian
vimala,f,indian
ujamma,f,indian
ajju,f,indian
gajwanti,f,indian
selars,f,indian
somwati,f,indian
sayna,f,indian
rawana,f,indian
sirish,f,indian
mainka,f,indian
sabreen,f,indian
mabiya,f,indian
bhagirathi,f,indian
rahnuma,f,indian
manisa,f,indian
prem,f,indian
kaifiya,f,indian
firdous,f,indian
santara,f,indian
jhuhi,f,indian
deeksha,f,indian
akram,f,indian
gunja,f,indian
taruna,f,indian
minaxi,f,indian
sahanaj,f,indian
zarina,f,indian
babali,f,indian
rinky,f,indian
yashsvi,f,indian
nasreema,f,indian
safali,f,indian
badami,f,indian
st,f,indian
khubhu,f,indian
manmeet,f,indian
punit,f,indian
rukshan,f,indian
sufiya,f,indian
indu,f,indian
ramdhani,f,indian
bohati,f,indian
phooli,f,indian
kalavati,f,indian
rajudi,f,indian
sanam,f,indian
mehnaj,f,indian
panchu,f,indian
rajina,f,indian
arjina,f,indian
revti,f,indian
seva,f,indian
foranti,f,indian
dipali,f,indian
tabwsum,f,indian
manbhar,f,indian
palvinder,f,indian
gulnaz,f,indian
jamnaa,f,indian
krishama,f,indian
godambari,f,indian
saista,f,indian
bebi,f,indian
nazma,f,indian
jareena,f,indian
gurmit,f,indian
neraj,f,indian
husina,f,indian
pallvi,f,indian
aysha,f,indian
mallika,f,indian
mallik,f,indian
shanta,f,indian
nagia,f,indian
varsh,f,indian
baljeet,f,indian
vijayanta,f,indian
tarawati,f,indian
sagufta,f,indian
somi,f,indian
aaliya,f,indian
naveeda,f,indian
husana,f,indian
natasha,f,indian
sumaila,f,indian
mili,f,indian
parmita,f,indian
ravinda,f,indian
sajana,f,indian
paru,f,indian
shaina,f,indian
aparna,f,indian
nana,f,indian
sujeet,f,indian
preet,f,indian
fareem,f,indian
chhavi,f,indian
rajwanti,f,indian
minaksi,f,indian
seeriya,f,indian
alita,f,indian
omwati,f,indian
veejita,f,indian
taslima,f,indian
ajnoor,f,indian
na,f,indian
radhadalal,f,indian
chanab,f,indian
munjira,f,indian
rahil,f,indian
suhaliya,f,indian
neesa,f,indian
inderjit,f,indian
ravita,f,indian
samoti,f,indian
samiron,f,indian
murshida,f,indian
mairi,f,indian
kasumbi,f,indian
ravena,f,indian
samina,f,indian
fuli,f,indian
jaydurga,f,indian
nikil,f,indian
pintu,f,indian
rimzim,f,indian
aishwarya,f,indian
bhudevi,f,indian
simmi,f,indian
tane,f,indian
mashli,f,indian
dilkhush,f,indian
shree,f,indian
sachi,f,indian
bhagwanti,f,indian
januka,f,indian
saimun,f,indian
nazibuneesha,f,indian
mehronisha,f,indian
swaranjeet,f,indian
satnam,f,indian
khushabu,f,indian
silpi,f,indian
ranjna,f,indian
parsann,f,indian
aasa,f,indian
zeba,f,indian
nilesh,f,indian
avastha,f,indian
vasu,f,indian
irfan,f,indian
laxmeena,f,indian
majrula,f,indian
savia,f,indian
deep,f,indian
mariam,f,indian
sarda,f,indian
nisat,f,indian
simren,f,indian
taramati,f,indian
gitika,f,indian
harmeet,f,indian
akhtari,f,indian
pharjana,f,indian
prya,f,indian
minu,f,indian
mahrul,f,indian
najmin,f,indian
kuntesh,f,indian
barakha,f,indian
salu,f,indian
heera,f,indian
gangajali,f,indian
dipa,f,indian
ganesi,f,indian
jakra,f,indian
saahin,f,indian
nitam,f,indian
guljan,f,indian
dariya,f,indian
dropti,f,indian
sumanlta,f,indian
leena,f,indian
ekamjeet,f,indian
chhotudevi,f,indian
saiesta,f,indian
sonyi,f,indian
kokila,f,indian
sagira,f,indian
dhana,f,indian
janid,f,indian
najrana,f,indian
shabbo,f,indian
groti,f,indian
noorin,f,indian
pree,f,indian
khurshida,f,indian
pratima,f,indian
ramba,f,indian
fatima,f,indian
dipeeka,f,indian
moka,f,indian
rashma,f,indian
kalashi,f,indian
partima,f,indian
gurmeet,f,indian
rukhsana,f,indian
priyaka,f,indian
rachpreet,f,indian
harsha,f,indian
joohi,f,indian
shanty,f,indian
pryanka,f,indian
manpritkour,f,indian
lilima,f,indian
fiza,f,indian
parkash,f,indian
parvati,f,indian
shrimati,f,indian
neeraj,f,indian
paramdeep,f,indian
amarjit,f,indian
gora,f,indian
nusrant,f,indian
girja,f,indian
juber,f,indian
mukesh,f,indian
yasodha,f,indian
anoura,f,indian
bakhtvaar,f,indian
rosina,f,indian
shankuntla,f,indian
sushhmita,f,indian
bahwana,f,indian
rajlaxmi,f,indian
mahima,f,indian
dvndavva,f,indian
tabbsum,f,indian
jaismeen,f,indian
shushree,f,indian
jaimata,f,indian
rambha,f,indian
madhwi,f,indian
meethu,f,indian
chuni,f,indian
gouri,f,indian
rikkenchi,f,indian
aamrin,f,indian
shazida,f,indian
sushela,f,indian
swaliya,f,indian
rukhar,f,indian
keshar,f,indian
gurmel,f,indian
manuja,f,indian
ruji,f,indian
rambai,f,indian
merry,f,indian
jasina,f,indian
bhanupriya,f,indian
senthia,f,indian
nasir,f,indian
malika,f,indian
sangeena,f,indian
moshri,f,indian
lc,f,indian
suneta,f,indian
humera,f,indian
nazneen,f,indian
kajul,f,indian
safia,f,indian
gulafsha,f,indian
sharuna,f,indian
harbai,f,indian
sakuntla,f,indian
premla,f,indian
vyelet,f,indian
gulnaaz,f,indian
novisha,f,indian
vidhavati,f,indian
nursa,f,indian
afshana,f,indian
punita,f,indian
pari,f,indian
husnara,f,indian
mana,f,indian
gulab,f,indian
amanjeet,f,indian
rumal,f,indian
nesha,f,indian
tayab,f,indian
ramjanki,f,indian
karma,f,indian
supyar,f,indian
samya,f,indian
suda,f,indian
munesh,f,indian
sandeep,f,indian
nipam,f,indian
shulekha,f,indian
ranki,f,indian
asho,f,indian
nensi,f,indian
gagan,f,indian
rehmati,f,indian
zenab,f,indian
tulsa,f,indian
premawati,f,indian
nasreen,f,indian
roopam,f,indian
yashodha,f,indian
twinkle,f,indian
shaheen,f,indian
kehkasha,f,indian
goldan,f,indian
chandini,f,indian
premjit,f,indian
saksi,f,indian
satbir,f,indian
kushumavati,f,indian
juli,f,indian
nshima,f,indian
meesh,f,indian
kosalya,f,indian
lakhe,f,indian
sundri,f,indian
soam,f,indian
shailja,f,indian
indrvati,f,indian
jhoti,f,indian
swagtika,f,indian
gulran,f,indian
udita,f,indian
brinda,f,indian
anuu,f,indian
narender,f,indian
deepak,f,indian
guddibai,f,indian
swati,f,indian
rishma,f,indian
shaili,f,indian
hari,f,indian
aruni,f,indian
najiya,f,indian
piroj,f,indian
anjna,f,indian
jhumki,f,indian
fornta,f,indian
indara,f,indian
shabnur,f,indian
nikhat,f,indian
raisha,f,indian
vicakha,f,indian
pushpawati,f,indian
parvinder,f,indian
kosylaya,f,indian
shamina,f,indian
kamini,f,indian
jasvinder,f,indian
aneeta,f,indian
aanik,f,indian
danwati,f,indian
sayari,f,indian
tejender,f,indian
sushree,f,indian
japneet,f,indian
reshama,f,indian
surti,f,indian
manjula,f,indian
krishan,f,indian
shashibala,f,indian
sazia,f,indian
upasna,f,indian
jayotli,f,indian
sajni,f,indian
nupur,f,indian
prachi,f,indian
veenu,f,indian
rinka,f,indian
sen,f,indian
samiksha,f,indian
jasbir,f,indian
gajana,f,indian
ajra,f,indian
simabharti,f,indian
keli,f,indian
ajnabi,f,indian
annavi,f,indian
moral,f,indian
ragini,f,indian
khushnuma,f,indian
chunni,f,indian
jya,f,indian
bharkha,f,indian
hira,f,indian
mam,f,indian
gona,f,indian
san,f,indian
sumedha,f,indian
ismaliye,f,indian
sadiya,f,indian
mehnaz,f,indian
sila,f,indian
mandira,f,indian
manda,f,indian
prinkya,f,indian
gudia,f,indian
salupa,f,indian
sakiran,f,indian
shekiba,f,indian
mitali,f,indian
ruchika,f,indian
rampati,f,indian
seetal,f,indian
chhaterwati,f,indian
tahseen,f,indian
trannum,f,indian
beti,f,indian
pawan,f,indian
jayada,f,indian
tabbasum,f,indian
jioty,f,indian
ruka,f,indian
abhilasha,f,indian
aktri,f,indian
savrin,f,indian
marzina,f,indian
samima,f,indian
machhala,f,indian
alima,f,indian
manwi,f,indian
poneem,f,indian
yamini,f,indian
ishrat,f,indian
minkashi,f,indian
shanjhan,f,indian
shanaj,f,indian
parbha,f,indian
basanti,f,indian
kohinoor,f,indian
kmo,f,indian
md,f,indian
chandrawati,f,indian
manjoo,f,indian
kitti,f,indian
shabanam,f,indian
nayamati,f,indian
joyaa,f,indian
parmila,f,indian
poojadevi,f,indian
gulesta,f,indian
mahi,f,indian
rajbala,f,indian
disi,f,indian
parmeshwari,f,indian
kailash,f,indian
safiya,f,indian
chhanya,f,indian
manoti,f,indian
menka,f,indian
bishnu,f,indian
majidunisha,f,indian
wilkish,f,indian
chanderkanta,f,indian
aleesha,f,indian
parveena,f,indian
safina,f,indian
jaimala,f,indian
sanaali,f,indian
manbai,f,indian
mukiman,f,indian
kushma,f,indian
saroja,f,indian
musrat,f,indian
kumarage,f,indian
nilofar,f,indian
monny,f,indian
shifali,f,indian
kelashi,f,indian
jayda,f,indian
mmta,f,indian
jenab,f,indian
chetana,f,indian
khusbhoo,f,indian
darshna,f,indian
sayma,f,indian
shahnaj,f,indian
namen,f,indian
sunpreet,f,indian
baita,f,indian
sawatri,f,indian
manfool,f,indian
mousam,f,indian
taran,f,indian
sayra,f,indian
rukhsona,f,indian
shiya,f,indian
prity,f,indian
siya,f,indian
shravani,f,indian
pargati,f,indian
satyapal,f,indian
sunarkali,f,indian
niraj,f,indian
chandabai,f,indian
yasoda,f,indian
samra,f,indian
dhanni,f,indian
veeru,f,indian
amreeta,f,indian
santro,f,indian
kooki,f,indian
indira,f,indian
saweta,f,indian
radhab,f,indian
iram,f,indian
milka,f,indian
shika,f,indian
damini,f,indian
satwander,f,indian
kalpeshwari,f,indian
pabu,f,indian
karuna,f,indian
felicia,f,indian
kamta,f,indian
shittal,f,indian
joginder,f,indian
turveny,f,indian
vishavkarma,f,indian
devkali,f,indian
bhateri,f,indian
jayoti,f,indian
prati,f,indian
oma,f,indian
yashdhra,f,indian
rijwana,f,indian
kritika,f,indian
urvashi,f,indian
mega,f,indian
veera,f,indian
kulsum,f,indian
mhega,f,indian
sanjay,f,indian
aayesha,f,indian
faimuddin,f,indian
afrina,f,indian
jina,f,indian
jitendra,f,indian
khumlo,f,indian
premature,f,indian
sanjoh,f,indian
kashum,f,indian
ratani,f,indian
pinku,f,indian
bantu,f,indian
suma,f,indian
mahjabi,f,indian
sanoshi,f,indian
ishawar,f,indian
badru,f,indian
mansavi,f,indian
kanak,f,indian
rubjaan,f,indian
lilabai,f,indian
chandkor,f,indian
asman,f,indian
kusham,f,indian
samaprveen,f,indian
tashkkur,f,indian
nahani,f,indian
tranoom,f,indian
shkundla,f,indian
hafsa,f,indian
amrik,f,indian
kushmita,f,indian
samrin,f,indian
shetal,f,indian
kamna,f,indian
ntasha,f,indian
ashima,f,indian
gulsha,f,indian
parmeswari,f,indian
shimpi,f,indian
shabila,f,indian
jashinal,f,indian
mursida,f,indian
mamuna,f,indian
samsida,f,indian
neharika,f,indian
begam,f,indian
devyani,f,indian
rupen,f,indian
vanshika,f,indian
rawi,f,indian
hiri,f,indian
premi,f,indian
irfa,f,indian
gendu,f,indian
neemi,f,indian
rahat,f,indian
hena,f,indian
sosan,f,indian
mahvish,f,indian
shahrish,f,indian
rajkarnta,f,indian
saifali,f,indian
nirjla,f,indian
riju,f,indian
badarjahan,f,indian
isika,f,indian
paramjit,f,indian
dibya,f,indian
aasu,f,indian
harvindra,f,indian
srita,f,indian
taniya,f,indian
mani,f,indian
jenifer,f,indian
salama,f,indian
navdeep,f,indian
ranjnika,f,indian
nitika,f,indian
marium,f,indian
nanshi,f,indian
gulshana,f,indian
govind,f,indian
vijaynti,f,indian
sunena,f,indian
chanderwati,f,indian
laltia,f,indian
sahrul,f,indian
pinkey,f,indian
utpana,f,indian
brkha,f,indian
rajenderi,f,indian
veshali,f,indian
seekha,f,indian
lajjavati,f,indian
chitra,f,indian
jamee,f,indian
long,f,indian
phoolwati,f,indian
gulfara,f,indian
chnda,f,indian
sneh,f,indian
bunty,f,indian
abha,f,indian
bilkis,f,indian
vidya,f,indian
anaro,f,indian
sifa,f,indian
sanita,f,indian
azmira,f,indian
navita,f,indian
tasnim,f,indian
bhuli,f,indian
fasrun,f,indian
nuraish,f,indian
ashiya,f,indian
nirutma,f,indian
navneet,f,indian
kirshna,f,indian
mjudi,f,indian
papu,f,indian
sakuntala,f,indian
kala,f,indian
yinita,f,indian
shilu,f,indian
amirul,f,indian
kashis,f,indian
vashanavi,f,indian
kavit,f,indian
amida,f,indian
samman,f,indian
asmita,f,indian
srimati,f,indian
fakiha,f,indian
saheen,f,indian
sahista,f,indian
klu,f,indian
aafreen,f,indian
suchi,f,indian
sarswati,f,indian
suraj,f,indian
bsram,f,indian
durgabai,f,indian
ansu,f,indian
muni,f,indian
mansha,f,indian
shahida,f,indian
rebecca,f,indian
lushi,f,indian
joshna,f,indian
aarifa,f,indian
raghuvinder,f,indian
amarmula,f,indian
suchita,f,indian
payana,f,indian
sukhvir,f,indian
noorjhan,f,indian
tavvasum,f,indian
dolley,f,indian
phoola,f,indian
tajinder,f,indian
sabita,f,indian
busra,f,indian
guddiya,f,indian
sayja,f,indian
mehru,f,indian
sakina,f,indian
ugma,f,indian
girija,f,indian
kamal,f,indian
anjani,f,indian
lilavati,f,indian
salomi,f,indian
vironika,f,indian
kasish,f,indian
diti,f,indian
asmin,f,indian
ishu,f,indian
sundari,f,indian
seeba,f,indian
nutan,f,indian
isnesh,f,indian
zeenat,f,indian
ankit,f,indian
tiwankle,f,indian
sujanti,f,indian
mariya,f,indian
nargesh,f,indian
midhana,f,indian
tanjima,f,indian
jamuna,f,indian
sararwati,f,indian
varda,f,indian
manvi,f,indian
lavi,f,indian
sarwitavm,f,indian
mithi,f,indian
jasleen,f,indian
vaishanvi,f,indian
valentina,f,indian
dhamini,f,indian
musarrat,f,indian
raniya,f,indian
mamoita,f,indian
yogesh,f,indian
jaivanti,f,indian
kulvinder,f,indian
khanchan,f,indian
gulafshan,f,indian
anayatha,f,indian
ratni,f,indian
devli,f,indian
shaloo,f,indian
prabhjot,f,indian
nini,f,indian
rachnu,f,indian
rashimi,f,indian
kanchi,f,indian
puspha,f,indian
madina,f,indian
kailashi,f,indian
anwari,f,indian
devya,f,indian
geetanjali,f,indian
attar,f,indian
shiena,f,indian
lokesh,f,indian
nicharon,f,indian
devideen,f,indian
sudma,f,indian
antima,f,indian
jahirul,f,indian
devendri,f,indian
shneha,f,indian
nida,f,indian
madhubala,f,indian
sozi,f,indian
anupriya,f,indian
sital,f,indian
phol,f,indian
roobi,f,indian
janwi,f,indian
miraz,f,indian
fija,f,indian
bholi,f,indian
resmi,f,indian
twenkle,f,indian
swetha,f,indian
sabanam,f,indian
shaira,f,indian
rachana,f,indian
jhunnu,f,indian
pritika,f,indian
mohan,f,indian
jibanti,f,indian
tajrani,f,indian
noni,f,indian
darshan,f,indian
nasira,f,indian
aalina,f,indian
jatinder,f,indian
lalmuni,f,indian
koshlya,f,indian
depali,f,indian
nisa,f,indian
meetu,f,indian
noreen,f,indian
jasveer,f,indian
manful,f,indian
yasmeen,f,indian
waheeda,f,indian
sarmeela,f,indian
umma,f,indian
vadhi,f,indian
nazrana,f,indian
rimasha,f,indian
pakhali,f,indian
amita,f,indian
nandi,f,indian
vishnu,f,indian
lajja,f,indian
alma,f,indian
chhagana,f,indian
rosanjahan,f,indian
ariba,f,indian
saeshta,f,indian
dolo,f,indian
ayushi,f,indian
hasbul,f,indian
bhteri,f,indian
khasti,f,indian
jully,f,indian
balvinder,f,indian
bironica,f,indian
vipasha,f,indian
alish,f,indian
baliya,f,indian
alkesh,f,indian
pritee,f,indian
sanjida,f,indian
hazara,f,indian
dilshadi,f,indian
frjana,f,indian
rupali,f,indian
koyal,f,indian
begumpur,f,indian
rambiri,f,indian
mehvish,f,indian
bushara,f,indian
ragina,f,indian
vesali,f,indian
samiksa,f,indian
rozina,f,indian
ashnu,f,indian
shagufta,f,indian
fazin,f,indian
shamim,f,indian
jugani,f,indian
manti,f,indian
pragati,f,indian
vipin,f,indian
riti,f,indian
vedehi,f,indian
mangala,f,indian
anandwati,f,indian
twinkil,f,indian
suriti,f,indian
tanvir,f,indian
parsi,f,indian
bashanti,f,indian
firoza,f,indian
pamjeet,f,indian
kamlajeet,f,indian
laskshita,f,indian
shahnam,f,indian
soonam,f,indian
shun,f,indian
dila,f,indian
anuska,f,indian
sukhdevi,f,indian
morki,f,indian
anjal,f,indian
sahishta,f,indian
tasbiha,f,indian
jhora,f,indian
bindvasini,f,indian
durgawati,f,indian
sukhpreeet,f,indian
rojmeri,f,indian
bato,f,indian
sharmili,f,indian
satyavati,f,indian
bhawani,f,indian
sawati,f,indian
rekha,f,indian
richaraj,f,indian
santu,f,indian
raunaf,f,indian
shakina,f,indian
tajmaha,f,indian
sabrin,f,indian
hemleta,f,indian
minakumari,f,indian
sally,f,indian
sandeepa,f,indian
kamjeet,f,indian
mukhtyar,f,indian
rajrani,f,indian
foolmaya,f,indian
shokraji,f,indian
jayuti,f,indian
deepmala,f,indian
jhunna,f,indian
gargi,f,indian
nassin,f,indian
albina,f,indian
archita,f,indian
momita,f,indian
rimpi,f,indian
rusan,f,indian
ishita,f,indian
bivla,f,indian
pratiksha,f,indian
satish,f,indian
koshalya,f,indian
prabhila,f,indian
deepshikha,f,indian
sayeri,f,indian
batul,f,indian
kachri,f,indian
naresh,f,indian
ashma,f,indian
gawri,f,indian
deepanti,f,indian
guddo,f,indian
smriti,f,indian
ishrana,f,indian
ruanbza,f,indian
faraheen,f,indian
surender,f,indian
gomati,f,indian
najo,f,indian
sheenu,f,indian
kushagra,f,indian
subhiya,f,indian
saiyada,f,indian
shadhna,f,indian
julee,f,indian
shampa,f,indian
hetal,f,indian
saana,f,indian
salini,f,indian
smarti,f,indian
darshana,f,indian
archan,f,indian
manjit,f,indian
ajima,f,indian
janvi,f,indian
balbiri,f,indian
zoya,f,indian
surjiya,f,indian
chotibai,f,indian
tasmina,f,indian
kalwati,f,indian
taranjeet,f,indian
manglesh,f,indian
chandan,f,indian
amrta,f,indian
shahgujta,f,indian
shankri,f,indian
swetna,f,indian
murtibai,f,indian
jarina,f,indian
tanisha,f,indian
swatri,f,indian
umedi,f,indian
koilu,f,indian
uganta,f,indian
akhilesh,f,indian
junaid,f,indian
jainub,f,indian
tasveeran,f,indian
avi,f,indian
kasturi,f,indian
maan,f,indian
bipnesh,f,indian
incee,f,indian
ranjan,f,indian
kanchn,f,indian
rupal,f,indian
jainaf,f,indian
shine,f,indian
dilshana,f,indian
rajanti,f,indian
sashikala,f,indian
jaanki,f,indian
aardhna,f,indian
kesar,f,indian
reshami,f,indian
karishama,f,indian
rozy,f,indian
rencho,f,indian
shahiba,f,indian
minka,f,indian
jubaira,f,indian
mena,f,indian
nikahat,f,indian
sukanya,f,indian
mandothi,f,indian
prezi,f,indian
shekh,f,indian
haliya,f,indian
krashana,f,indian
mehrunisha,f,indian
rajkali,f,indian
sajini,f,indian
pammy,f,indian
norti,f,indian
asrani,f,indian
panmati,f,indian
madhvi,f,indian
rizvana,f,indian
pampa,f,indian
shivalika,f,indian
neelachal,f,indian
silpa,f,indian
lalutha,f,indian
sahajha,f,indian
panchma,f,indian
shadiya,f,indian
tinki,f,indian
shadna,f,indian
sugandha,f,indian
lavli,f,indian
manjinder,f,indian
jubeda,f,indian
aachal,f,indian
shavani,f,indian
kehkasa,f,indian
bhiki,f,indian
chanpa,f,indian
sawariya,f,indian
majida,f,indian
kadu,f,indian
man,f,indian
reeti,f,indian
ishmita,f,indian
neeti,f,indian
daveena,f,indian
momina,f,indian
somil,f,indian
rajna,f,indian
nathi,f,indian
trepti,f,indian
gulabsha,f,indian
aphsana,f,indian
manbhari,f,indian
sarojni,f,indian
amrin,f,indian
nanki,f,indian
jagan,f,indian
dhanpati,f,indian
vinit,f,indian
shanah,f,indian
krashna,f,indian
tarunnam,f,indian
umesha,f,indian
dropati,f,indian
chappla,f,indian
tabasum,f,indian
sugandb,f,indian
maanmati,f,indian
katyayani,f,indian
snehlata,f,indian
dhanwati,f,indian
shimla,f,indian
gulwasha,f,indian
seelam,f,indian
sapita,f,indian
bushra,f,indian
dhan,f,indian
rampal,f,indian
umrawti,f,indian
meva,f,indian
tapsyum,f,indian
kazal,f,indian
sahira,f,indian
anadi,f,indian
noorpa,f,indian
shahera,f,indian
sandiya,f,indian
mehar,f,indian
tabbwum,f,indian
deepu,f,indian
mohni,f,indian
sarshwati,f,indian
amna,f,indian
shabbi,f,indian
maahi,f,indian
harsh,f,indian
rukhsna,f,indian
para,f,indian
bhundki,f,indian
rooshi,f,indian
shqakuntla,f,indian
sudhata,f,indian
rahul,f,indian
chinta,f,indian
sahenaj,f,indian
anekha,f,indian
ali,f,indian
sumemtra,f,indian
shavitri,f,indian
khushnudi,f,indian
punni,f,indian
sajma,f,indian
har,f,indian
amana,f,indian
sarwesh,f,indian
raman,f,indian
arpna,f,indian
monini,f,indian
mohani,f,indian
monu,f,indian
farhaja,f,indian
sunitha,f,indian
anupuma,f,indian
saveroon,f,indian
nosar,f,indian
rinju,f,indian
tek,f,indian
shoiba,f,indian
pritibha,f,indian
bhagvati,f,indian
najreen,f,indian
harbas,f,indian
afroz,f,indian
jaishmin,f,indian
shimran,f,indian
dhodi,f,indian
neela,f,indian
vijayta,f,indian
nafisa,f,indian
binu,f,indian
jeeren,f,indian
chhano,f,indian
chhamo,f,indian
nemsi,f,indian
gurjeet,f,indian
akthari,f,indian
naviya,f,indian
sharmistha,f,indian
gulsida,f,indian
khooshboo,f,indian
sntosh,f,indian
tamana,f,indian
wareesha,f,indian
grpreet,f,indian
piyari,f,indian
monti,f,indian
chanderkali,f,indian
ganita,f,indian
meenat,f,indian
pirmika,f,indian
shimala,f,indian
karmi,f,indian
moharan,f,indian
bhoori,f,indian
beni,f,indian
vidisha,f,indian
ashrabi,f,indian
mahlikka,f,indian
jeevanlata,f,indian
ruhhena,f,indian
nanu,f,indian
gulpacha,f,indian
nelam,f,indian
somdevi,f,indian
irtu,f,indian
sarbari,f,indian
rohila,f,indian
sanha,f,indian
ramsati,f,indian
gulabsa,f,indian
sagit,f,indian
reshmi,f,indian
aarati,f,indian
kaamini,f,indian
kajar,f,indian
aarif,f,indian
shirishty,f,indian
narmada,f,indian
mansa,f,indian
jesmin,f,indian
sanjan,f,indian
irsad,f,indian
deou,f,indian
birma,f,indian
harana,f,indian
sisty,f,indian
niksiya,f,indian
gurupreet,f,indian
guldasta,f,indian
beby,f,indian
hemavanti,f,indian
bharati,f,indian
kallo,f,indian
rupam,f,indian
saviti,f,indian
sayana,f,indian
firoja,f,indian
suneeta,f,indian
ladakunvar,f,indian
keshav,f,indian
phoolla,f,indian
shakun,f,indian
marshilah,f,indian
konti,f,indian
anta,f,indian
bijali,f,indian
ankeet,f,indian
parvti,f,indian
asmina,f,indian
kanya,f,indian
chnada,f,indian
shiv,f,indian
sattu,f,indian
aabida,f,indian
sanoj,f,indian
shivangi,f,indian
karshma,f,indian
kushumlata,f,indian
pitika,f,indian
seeva,f,indian
teja,f,indian
budho,f,indian
veerpal,f,indian
anjuman,f,indian
kumud,f,indian
hajrati,f,indian
sehrunisa,f,indian
girijarani,f,indian
nasibu,f,indian
adiba,f,indian
gosia,f,indian
kushi,f,indian
bidami,f,indian
shiteel,f,indian
aashia,f,indian
bavita,f,indian
navjat,f,indian
ashmi,f,indian
sujli,f,indian
neaha,f,indian
aarju,f,indian
parinka,f,indian
arvinder,f,indian
rajeena,f,indian
ruvi,f,indian
panku,f,indian
koslya,f,indian
buchhi,f,indian
rinke,f,indian
ramu,f,indian
sabnur,f,indian
jaiguna,f,indian
shayma,f,indian
arbana,f,indian
ruksaar,f,indian
sukshana,f,indian
virwanti,f,indian
sarabjit,f,indian
joga,f,indian
banu,f,indian
minitwa,f,indian
tipu,f,indian
pista,f,indian
hudi,f,indian
kushamvir,f,indian
charanjeet,f,indian
farhin,f,indian
sejan,f,indian
rushali,f,indian
begum,f,indian
safika,f,indian
karisma,f,indian
kartika,f,indian
bhanwari,f,indian
rainu,f,indian
shivam,f,indian
gurvinder,f,indian
masum,f,indian
shyamvati,f,indian
rosan,f,indian
sushama,f,indian
mandi,f,indian
promila,f,indian
sampat,f,indian
nishtha,f,indian
nikkhar,f,indian
subhapal,f,indian
munny,f,indian
sajmeen,f,indian
hurji,f,indian
sirjna,f,indian
bhim,f,indian
shahista,f,indian
rasmi,f,indian
dhaniya,f,indian
musmi,f,indian
himanshee,f,indian
nameeta,f,indian
father,f,indian
janaki,f,indian
indta,f,indian
anja,f,indian
menakshi,f,indian
maneesha,f,indian
sarangthem,f,indian
lambhu,f,indian
saranthem,f,indian
foola,f,indian
inda,f,indian
shahnaza,f,indian
gaitri,f,indian
subani,f,indian
prete,f,indian
dhrama,f,indian
majoo,f,indian
kamreen,f,indian
firoz,f,indian
rakeeba,f,indian
manali,f,indian
bhawari,f,indian
a,f,indian
ratna,f,indian
fara,f,indian
nurjaha,f,indian
udi,f,indian
aisha,f,indian
maneeta,f,indian
asiya,f,indian
mithilesh,f,indian
bhanmati,f,indian
kalla,f,indian
jaslin,f,indian
kalma,f,indian
phoolwanti,f,indian
taitra,f,indian
anara,f,indian
ramrati,f,indian
rakha,f,indian
pangita,f,indian
kanki,f,indian
aarushi,f,indian
hagami,f,indian
prinka,f,indian
shivkumari,f,indian
najda,f,indian
ramkanya,f,indian
akbari,f,indian
bhagay,f,indian
faraha,f,indian
asmat,f,indian
jani,f,indian
dishu,f,indian
mahzbin,f,indian
keta,f,indian
anjaly,f,indian
shamrin,f,indian
mero,f,indian
jaiwanti,f,indian
sazmin,f,indian
shmejha,f,indian
nashima,f,indian
manira,f,indian
moona,f,indian
sukrita,f,indian
belo,f,indian
veermati,f,indian
shalesh,f,indian
harjit,f,indian
najis,f,indian
mithalesh,f,indian
sithal,f,indian
dalima,f,indian
muntrin,f,indian
beeti,f,indian
sandha,f,indian
rubey,f,indian
harleen,f,indian
nazani,f,indian
sabna,f,indian
vikki,f,indian
laja,f,indian
parven,f,indian
shakutal,f,indian
babbi,f,indian
parvashi,f,indian
nathu,f,indian
sukh,f,indian
maalti,f,indian
bahnu,f,indian
surgayani,f,indian
misbah,f,indian
rakhee,f,indian
halima,f,indian
lakhmi,f,indian
papiya,f,indian
mina,f,indian
mantasha,f,indian
amri,f,indian
shukramani,f,indian
anaji,f,indian
devanti,f,indian
deepka,f,indian
sanjeev,f,indian
nazmaa,f,indian
raksha,f,indian
shakuna,f,indian
sukheeya,f,indian
kirann,f,indian
pariti,f,indian
sucheta,f,indian
fulki,f,indian
saka,f,indian
mamanbai,f,indian
supna,f,indian
gambhir,f,indian
suraiya,f,indian
hem,f,indian
aatikun,f,indian
bhanwar,f,indian
chndrakla,f,indian
sahab,f,indian
zhini,f,indian
nila,f,indian
chandracala,f,indian
konika,f,indian
shela,f,indian
noomi,f,indian
tiwnkal,f,indian
viren,f,indian
mini,f,indian
ajay,f,indian
binda,f,indian
fra,f,indian
banita,f,indian
kushbu,f,indian
samundri,f,indian
pallawi,f,indian
ganeshi,f,indian
neesha,f,indian
shefali,f,indian
vasida,f,indian
amena,f,indian
reka,f,indian
peenu,f,indian
subhangi,f,indian
shayana,f,indian
vashila,f,indian
sawtri,f,indian
ajara,f,indian
chetna,f,indian
preyank,f,indian
akshita,f,indian
gaytree,f,indian
kbeta,f,indian
jahani,f,indian
suhsmita,f,indian
sanno,f,indian
hazira,f,indian
afsari,f,indian
salmi,f,indian
shayna,f,indian
shelly,f,indian
roma,f,indian
gopal,f,indian
sandya,f,indian
rajbiri,f,indian
ajkati,f,indian
feflibai,f,indian
raishma,f,indian
avantika,f,indian
jhanjhariya,f,indian
aswani,f,indian
murti,f,indian
shanno,f,indian
sohi,f,indian
najarana,f,indian
khima,f,indian
tabsum,f,indian
kiniya,f,indian
jhansi,f,indian
mamt,f,indian
kamakshya,f,indian
satya,f,indian
pareeti,f,indian
pushpanjali,f,indian
shakeela,f,indian
rajkaranta,f,indian
asanti,f,indian
rahimun,f,indian
kulina,f,indian
sharinimle,f,indian
nibo,f,indian
ajmal,f,indian
nahida,f,indian
kuso,f,indian
sheelu,f,indian
subhi,f,indian
satyvati,f,indian
keshu,f,indian
sajda,f,indian
bidhya,f,indian
sabila,f,indian
annielal,f,indian
mis,f,indian
nibha,f,indian
pushpender,f,indian
manjusha,f,indian
saida,f,indian
mahmun,f,indian
nazira,f,indian
upasana,f,indian
amrooti,f,indian
najira,f,indian
maryana,f,indian
rabhida,f,indian
anzum,f,indian
darfasha,f,indian
putulu,f,indian
manimegla,f,indian
daljit,f,indian
ramdevi,f,indian
prinkaya,f,indian
hasmita,f,indian
atiq,f,indian
sehnaaz,f,indian
bagga,f,indian
hemuna,f,indian
serul,f,indian
akhatari,f,indian
khasbhoo,f,indian
peena,f,indian
diwansi,f,indian
bhanumati,f,indian
badri,f,indian
jewa,f,indian
farhanaz,f,indian
gattu,f,indian
lilaki,f,indian
sarjaha,f,indian
puneeta,f,indian
iema,f,indian
eshwari,f,indian
avneet,f,indian
chitro,f,indian
navleen,f,indian
chetan,f,indian
silvia,f,indian
sauni,f,indian
anuja,f,indian
tohmeena,f,indian
shri,f,indian
amie,f,indian
rakki,f,indian
bhagwan,f,indian
ranipal,f,indian
nishar,f,indian
gulnaza,f,indian
sahawaj,f,indian
panchoo,f,indian
shaila,f,indian
sera,f,indian
sharjprit,f,indian
nirwat,f,indian
fauji,f,indian
joya,f,indian
kumara,f,indian
golden,f,indian
naval,f,indian
sakeena,f,indian
mairy,f,indian
parvin,f,indian
tulki,f,indian
momena,f,indian
javade,f,indian
prabhu,f,indian
prableen,f,indian
bagdai,f,indian
sonal,f,indian
bismilla,f,indian
bhakuni,f,indian
farhanaaz,f,indian
pramil,f,indian
munmun,f,indian
firoj,f,indian
jotyi,f,indian
shabi,f,indian
vasiya,f,indian
aishe,f,indian
prameela,f,indian
suresh,f,indian
siddhi,f,indian
soniya,f,indian
englas,f,indian
ifteshyam,f,indian
amrat,f,indian
bhura,f,indian
yamuna,f,indian
ompati,f,indian
janam,f,indian
rajjoo,f,indian
unnati,f,indian
satosh,f,indian
hasibullah,f,indian
sunny,f,indian
meenakashi,f,indian
ruksin,f,indian
bb,f,indian
sabeeha,f,indian
ruppa,f,indian
chaman,f,indian
sira,f,indian
mallo,f,indian
kiranti,f,indian
naima,f,indian
sohan,f,indian
satwinder,f,indian
halki,f,indian
kachan,f,indian
preena,f,indian
ramjas,f,indian
supiriya,f,indian
sngeeta,f,indian
kumare,f,indian
rabita,f,indian
karima,f,indian
ayasha,f,indian
pool,f,indian
anno,f,indian
pear,f,indian
shma,f,indian
saku,f,indian
husno,f,indian
switi,f,indian
shahjadi,f,indian
arifa,f,indian
rukya,f,indian
mehfooj,f,indian
jebi,f,indian
choti,f,indian
sanjeeta,f,indian
limca,f,indian
nayaka,f,indian
kushmi,f,indian
sanjogta,f,indian
geetika,f,indian
tasleem,f,indian
sahnara,f,indian
ashish,f,indian
prasanta,f,indian
ajmit,f,indian
nazima,f,indian
mankuri,f,indian
rennu,f,indian
samiya,f,indian
soba,f,indian
daya,f,indian
savreen,f,indian
areen,f,indian
hemlat,f,indian
sunhara,f,indian
pholwati,f,indian
rekhwan,f,indian
maigo,f,indian
sarju,f,indian
satvida,f,indian
nachita,f,indian
umme,f,indian
nathiya,f,indian
awshin,f,indian
mitlesh,f,indian
channu,f,indian
harry,f,indian
sushri,f,indian
sabrina,f,indian
mema,f,indian
sahgufta,f,indian
fahira,f,indian
rubbina,f,indian
bhart,f,indian
farmeena,f,indian
dur,f,indian
tabbusum,f,indian
jenny,f,indian
maaya,f,indian
tinvkal,f,indian
taki,f,indian
bhawar,f,indian
sosari,f,indian
mintu,f,indian
pataso,f,indian
ekata,f,indian
hajari,f,indian
susmita,f,indian
santra,f,indian
farana,f,indian
joyate,f,indian
lashma,f,indian
charnjeet,f,indian
marjana,f,indian
sabra,f,indian
shymo,f,indian
maadhuri,f,indian
sukmani,f,indian
fulo,f,indian
pawni,f,indian
munnia,f,indian
lta,f,indian
panchi,f,indian
sintu,f,indian
najara,f,indian
dilish,f,indian
kesavi,f,indian
ashmin,f,indian
sipra,f,indian
kuldeep,f,indian
alis,f,indian
shilap,f,indian
husiya,f,indian
siwani,f,indian
nafeesa,f,indian
sibanaz,f,indian
monam,f,indian
meela,f,indian
hongsi,f,indian
khush,f,indian
bali,f,indian
roopali,f,indian
lakhvinder,f,indian
revakshi,f,indian
nikhad,f,indian
sahima,f,indian
minaxni,f,indian
foolwati,f,indian
sahil,f,indian
noori,f,indian
alhamdi,f,indian
taj,f,indian
sagiran,f,indian
gajla,f,indian
shvani,f,indian
hawa,f,indian
rubiya,f,indian
lavali,f,indian
jugan,f,indian
subhagi,f,indian
munia,f,indian
vidyawati,f,indian
abhaki,f,indian
injum,f,indian
kaarti,f,indian
vaijanti,f,indian
narayani,f,indian
nayna,f,indian
