name,gender,race
barjraj,m,indian
amit,m,indian
kushal,m,indian
kasid,m,indian
sanjay,m,indian
abhi,m,indian
chanderpal,m,indian
aman,m,indian
khursid,m,indian
rajeev,m,indian
durgesh,m,indian
rohit,m,indian
sparsh,m,indian
santosh,m,indian
dinesh,m,indian
gulshan,m,indian
nausad,m,indian
chotelal,m,indian
rupesh,m,indian
midda,m,indian
sarain,m,indian
sumit,m,indian
arindra,m,indian
vikash,m,indian
hemant,m,indian
shivam,m,indian
aakash,m,indian
chandesh,m,indian
irfan,m,indian
azaruddin,m,indian
manoj,m,indian
pawan,m,indian
sandeep,m,indian
parvesh,m,indian
yogita,m,indian
rajender,m,indian
suraj,m,indian
rizwan,m,indian
deepak,m,indian
rahul,m,indian
abhishekh,m,indian
ankit,m,indian
arjun,m,indian
tammanne,m,indian
ajay,m,indian
silender,m,indian
akhilesh,m,indian
nitin,m,indian
adnan,m,indian
vijay,m,indian
yogesh,m,indian
kabir,m,indian
sarvesh,m,indian
vivek,m,indian
shafibul,m,indian
rajkumar,m,indian
mubarik,m,indian
niraj,m,indian
axat,m,indian
akkash,m,indian
himanshu,m,indian
sachin,m,indian
bhupender,m,indian
yognder,m,indian
subhash,m,indian
vikas,m,indian
vinod,m,indian
salman,m,indian
imamudeen,m,indian
tarjan,m,indian
murari,m,indian
ramvilash,m,indian
jagdish,m,indian
kuldeep,m,indian
talim,m,indian
balraj,m,indian
sukhdev,m,indian
beeru,m,indian
vipin,m,indian
guddu,m,indian
shadab,m,indian
rakesh,m,indian
abhishek,m,indian
gulfam,m,indian
amarjeet,m,indian
satyadev,m,indian
rishi,m,indian
saddam,m,indian
arun,m,indian
virender,m,indian
bishun,m,indian
kishan,m,indian
rajbir,m,indian
krishan,m,indian
jony,m,indian
amardeep,m,indian
bharat,m,indian
azaz,m,indian
parveen,m,indian
madan,m,indian
rashid,m,indian
jitender,m,indian
deep,m,indian
dharmbir,m,indian
avinsh,m,indian
karan,m,indian
sagar,m,indian
nikhil,m,indian
raman,m,indian
abhijeet,m,indian
anshu,m,indian
sahil,m,indian
gaurav,m,indian
sunil,m,indian
vishvash,m,indian
sonia,m,indian
kayamuddin,m,indian
satender,m,indian
mobin,m,indian
vipol,m,indian
rajmani,m,indian
mohan,m,indian
farid,m,indian
gappu,m,indian
nazeem,m,indian
aamir,m,indian
gutam,m,indian
prakul,m,indian
birjesh,m,indian
ikramuddin,m,indian
sajan,m,indian
molu,m,indian
dilawar,m,indian
ajahar,m,indian
sanjeev,m,indian
sandhaya,m,indian
ashish,m,indian
satpal,m,indian
ashfaq,m,indian
shaid,m,indian
mehraj,m,indian
chetan,m,indian
sanavvar,m,indian
mustaq,m,indian
vakil,m,indian
mukesh,m,indian
sunny,m,indian
shakir,m,indian
kiran,m,indian
rajan,m,indian
ayush,m,indian
sehboob,m,indian
manish,m,indian
divaraj,m,indian
kamlesh,m,indian
azruddin,m,indian
inderjeet,m,indian
golu,m,indian
lokesh,m,indian
rijakpal,m,indian
shishram,m,indian
ajit,m,indian
deelip,m,indian
monu,m,indian
ramesh,m,indian
saurabh,m,indian
avdhesh,m,indian
ashu,m,indian
manjeet,m,indian
jaipal,m,indian
kasim,m,indian
udham,m,indian
ravinder,m,indian
shahid,m,indian
ishtkar,m,indian
rashab,m,indian
narender,m,indian
ankush,m,indian
pankaj,m,indian
anwar,m,indian
gorav,m,indian
abbas,m,indian
avinash,m,indian
ravish,m,indian
rekhai,m,indian
vashudev,m,indian
goldy,m,indian
devender,m,indian
veer,m,indian
babloo,m,indian
gourav,m,indian
amarapal,m,indian
momin,m,indian
parminder,m,indian
mustafa,m,indian
dharmender,m,indian
suresh,m,indian
abhimanyu,m,indian
rohan,m,indian
kanheya,m,indian
mushrraf,m,indian
prem,m,indian
nithyanandham,m,indian
gopal,m,indian
mahavir,m,indian
soni,m,indian
rima,m,indian
sunder,m,indian
omparkash,m,indian
shardanand,m,indian
amrudin,m,indian
shahnawaz,m,indian
sapna,m,indian
surendra,m,indian
naveen,m,indian
amar,m,indian
rishab,m,indian
ziyabul,m,indian
shyama,m,indian
parbhat,m,indian
nanagram,m,indian
gautam,m,indian
govind,m,indian
usha,m,indian
surender,m,indian
chhotelal,m,indian
sambhu,m,indian
bablu,m,indian
raju,m,indian
yasib,m,indian
sushant,m,indian
adersen,m,indian
fitrat,m,indian
somdath,m,indian
shiva,m,indian
vishal,m,indian
sonu,m,indian
tausin,m,indian
rajveer,m,indian
annu,m,indian
anand,m,indian
yameen,m,indian
vasim,m,indian
birju,m,indian
pradeep,m,indian
tufail,m,indian
afridi,m,indian
tahir,m,indian
ravi,m,indian
abhay,m,indian
inderpal,m,indian
aasto,m,indian
dhansinghpuri,m,indian
nirmal,m,indian
niranjan,m,indian
akash,m,indian
andhav,m,indian
ranbir,m,indian
sikandar,m,indian
satnosh,m,indian
laxman,m,indian
milan,m,indian
mohit,m,indian
sameer,m,indian
samadh,m,indian
tikku,m,indian
janesh,m,indian
khimanand,m,indian
akshit,m,indian
vinay,m,indian
pancham,m,indian
shekher,m,indian
ishwar,m,indian
bilal,m,indian
pramod,m,indian
omprkash,m,indian
masoom,m,indian
asharam,m,indian
deepu,m,indian
aashik,m,indian
ashok,m,indian
satish,m,indian
harender,m,indian
parmod,m,indian
savan,m,indian
aarif,m,indian
vicky,m,indian
chanchal,m,indian
shamshad,m,indian
vipulander,m,indian
piyush,m,indian
lakhan,m,indian
nadim,m,indian
sahdab,m,indian
tufel,m,indian
tekchand,m,indian
bobby,m,indian
tejvir,m,indian
dilip,m,indian
subodh,m,indian
pramood,m,indian
dev,m,indian
muntiyaj,m,indian
lilu,m,indian
surjeet,m,indian
deva,m,indian
firoz,m,indian
raghuveer,m,indian
dheeraj,m,indian
ritik,m,indian
ketan,m,indian
rampati,m,indian
ramsurat,m,indian
jockyipai,m,indian
ramsem,m,indian
shahrukh,m,indian
samsuddin,m,indian
somender,m,indian
sorabh,m,indian
aabid,m,indian
shakil,m,indian
lalit,m,indian
amil,m,indian
sidharath,m,indian
atul,m,indian
roshan,m,indian
ishant,m,indian
durganand,m,indian
chandan,m,indian
brijmohan,m,indian
tajuddin,m,indian
suhail,m,indian
baksi,m,indian
devraj,m,indian
kaif,m,indian
shyam,m,indian
arsh,m,indian
chirag,m,indian
prince,m,indian
tarif,m,indian
sanni,m,indian
firoj,m,indian
ranjeet,m,indian
praveen,m,indian
rinki,m,indian
akram,m,indian
khemraj,m,indian
neeraj,m,indian
arman,m,indian
lekhraj,m,indian
aayush,m,indian
rajaram,m,indian
ranjit,m,indian
shail,m,indian
naresh,m,indian
raja,m,indian
rupender,m,indian
kamruddin,m,indian
jaiprakash,m,indian
anurag,m,indian
jagmal,m,indian
prasant,m,indian
prahlad,m,indian
sharukh,m,indian
harison,m,indian
danish,m,indian
anuj,m,indian
adi,m,indian
riyaz,m,indian
divansh,m,indian
muneer,m,indian
dhalchand,m,indian
paras,m,indian
chanden,m,indian
chandrram,m,indian
ansh,m,indian
islam,m,indian
sohaib,m,indian
krishana,m,indian
sonali,m,indian
satyam,m,indian
dhramender,m,indian
harsh,m,indian
narayan,m,indian
ramhetu,m,indian
sajjan,m,indian
jatin,m,indian
kapil,m,indian
imran,m,indian
sameem,m,indian
chetanram,m,indian
ajman,m,indian
shisupal,m,indian
vikarm,m,indian
shyamveer,m,indian
ramchander,m,indian
harkesh,m,indian
ashutosh,m,indian
shashikant,m,indian
arvind,m,indian
pancu,m,indian
ramtek,m,indian
parteek,m,indian
hansraj,m,indian
nadeem,m,indian
babu,m,indian
ameen,m,indian
pardeep,m,indian
suman,m,indian
mahaveer,m,indian
yash,m,indian
shayam,m,indian
mahipal,m,indian
ramprasad,m,indian
asif,m,indian
rajesh,m,indian
arif,m,indian
harichand,m,indian
chatan,m,indian
deepchand,m,indian
aoosaf,m,indian
abrar,m,indian
ratiman,m,indian
jasbir,m,indian
anwari,m,indian
shyamlal,m,indian
nashim,m,indian
aatif,m,indian
jahid,m,indian
anil,m,indian
pavan,m,indian
rinku,m,indian
altaf,m,indian
shagufta,m,indian
moni,m,indian
harendra,m,indian
sivam,m,indian
shambhu,m,indian
shripal,m,indian
mahendra,m,indian
shivyalam,m,indian
dharmandra,m,indian
rajiv,m,indian
hrithik,m,indian
pooja,m,indian
shashank,m,indian
akbar,m,indian
sehzad,m,indian
ahsan,m,indian
aftab,m,indian
faijal,m,indian
subhas,m,indian
kavilash,m,indian
mamta,m,indian
robin,m,indian
lalaram,m,indian
mamchand,m,indian
manful,m,indian
satbar,m,indian
kunal,m,indian
salmaan,m,indian
hararat,m,indian
anshul,m,indian
kalu,m,indian
anjali,m,indian
omprakash,m,indian
taushif,m,indian
deshraj,m,indian
shibu,m,indian
shamim,m,indian
irshad,m,indian
pintu,m,indian
vipta,m,indian
aadil,m,indian
fulmiya,m,indian
balram,m,indian
sudhansu,m,indian
raseel,m,indian
bhajanlal,m,indian
hariom,m,indian
aashu,m,indian
azam,m,indian
bharma,m,indian
gyanendra,m,indian
javed,m,indian
gulreg,m,indian
sumer,m,indian
udaiveer,m,indian
salim,m,indian
naseem,m,indian
akshpaat,m,indian
akshay,m,indian
yogeshwar,m,indian
jeetu,m,indian
harpal,m,indian
satyvrat,m,indian
versha,m,indian
kumar,m,indian
punit,m,indian
mukeemuddin,m,indian
ronak,m,indian
bittu,m,indian
rihan,m,indian
divyansh,m,indian
jitendra,m,indian
nwed,m,indian
abdullah,m,indian
raghuvir,m,indian
dular,m,indian
shobharam,m,indian
devinder,m,indian
somnath,m,indian
khursheed,m,indian
arsad,m,indian
nandu,m,indian
rajni,m,indian
taj,m,indian
unknown,m,indian
deewan,m,indian
suminder,m,indian
mohinuddin,m,indian
abhisekh,m,indian
aditya,m,indian
ramjan,m,indian
meenu,m,indian
soyam,m,indian
lakki,m,indian
mithun,m,indian
nijam,m,indian
mahfuj,m,indian
manav,m,indian
kalish,m,indian
bansilal,m,indian
jalaluddin,m,indian
satbir,m,indian
ramswaroop,m,indian
nisha,m,indian
shetan,m,indian
shahnawaj,m,indian
iklakh,m,indian
halkuji,m,indian
matadeen,m,indian
rinkoo,m,indian
rishabh,m,indian
anmol,m,indian
moolchand,m,indian
sarfraj,m,indian
rustam,m,indian
shashwat,m,indian
vimlesh,m,indian
sahid,m,indian
hazari,m,indian
tinku,m,indian
amir,m,indian
akilesh,m,indian
sourabh,m,indian
dilbar,m,indian
parsnath,m,indian
gulshad,m,indian
siwani,m,indian
arshad,m,indian
gangadhar,m,indian
baburam,m,indian
sultan,m,indian
harshit,m,indian
gjender,m,indian
pulkit,m,indian
shamsuddin,m,indian
paramjeet,m,indian
aashif,m,indian
kewal,m,indian
jubed,m,indian
sanu,m,indian
prakash,m,indian
ballu,m,indian
punnet,m,indian
chand,m,indian
farhan,m,indian
ramkesh,m,indian
shakib,m,indian
tohid,m,indian
harib,m,indian
aasif,m,indian
rajat,m,indian
tony,m,indian
sahwaj,m,indian
ramji,m,indian
shaurabh,m,indian
bhopal,m,indian
fakrrudeen,m,indian
saleem,m,indian
komal,m,indian
omender,m,indian
yashwant,m,indian
biran,m,indian
rajpal,m,indian
sartaj,m,indian
shanawaz,m,indian
dharmvir,m,indian
sanaullah,m,indian
sushil,m,indian
nitesh,m,indian
dhaney,m,indian
joria,m,indian
dhananjay,m,indian
saidas,m,indian
harishankar,m,indian
abdulla,m,indian
naim,m,indian
tushar,m,indian
prashansa,m,indian
sourav,m,indian
birbal,m,indian
surajpal,m,indian
yogender,m,indian
suleman,m,indian
dishad,m,indian
ishan,m,indian
bijander,m,indian
rajendra,m,indian
justin,m,indian
kailash,m,indian
affan,m,indian
gulashan,m,indian
baldev,m,indian
jasvindir,m,indian
omveer,m,indian
mustkeem,m,indian
tanveer,m,indian
kamal,m,indian
mangal,m,indian
mahabir,m,indian
sanju,m,indian
ramwatar,m,indian
avdesh,m,indian
harbanschauhan,m,indian
kaushar,m,indian
haridutt,m,indian
chaman,m,indian
jay,m,indian
lasar,m,indian
sorav,m,indian
jumrati,m,indian
akhtar,m,indian
ghanshyam,m,indian
gurpreet,m,indian
sidharth,m,indian
rekha,m,indian
jumman,m,indian
ranveer,m,indian
sujit,m,indian
garv,m,indian
yoginder,m,indian
sahajad,m,indian
daks,m,indian
sahnaz,m,indian
sukhram,m,indian
pappu,m,indian
avnish,m,indian
anoop,m,indian
aniket,m,indian
dauji,m,indian
nanni,m,indian
rahisuddin,m,indian
lakshay,m,indian
gurfaan,m,indian
anuraj,m,indian
divy,m,indian
tilakram,m,indian
sarju,m,indian
kashiram,m,indian
saksham,m,indian
shanwaj,m,indian
attar,m,indian
bimlesh,m,indian
sabeer,m,indian
satyawan,m,indian
zahid,m,indian
ankaj,m,indian
vikky,m,indian
navneet,m,indian
asruddin,m,indian
sabi,m,indian
kamraan,m,indian
dharambir,m,indian
amkit,m,indian
mujaffar,m,indian
makbul,m,indian
balchand,m,indian
shankarlal,m,indian
mahesh,m,indian
tamana,m,indian
mustkim,m,indian
sangit,m,indian
kaluram,m,indian
trlokchand,m,indian
girdhari,m,indian
parkash,m,indian
sahnawaz,m,indian
mehak,m,indian
manju,m,indian
sohail,m,indian
nankesh,m,indian
boby,m,indian
hasim,m,indian
harishchandr,m,indian
sagir,m,indian
raj,m,indian
vishnu,m,indian
rakkibhul,m,indian
babbu,m,indian
varun,m,indian
brijesh,m,indian
maujim,m,indian
shalid,m,indian
zaheer,m,indian
babupuri,m,indian
lakhamichand,m,indian
saizad,m,indian
geeta,m,indian
dhannu,m,indian
vimal,m,indian
rukhsar,m,indian
parmood,m,indian
jaibir,m,indian
yusuf,m,indian
bhupendra,m,indian
rehan,m,indian
chandermani,m,indian
aadish,m,indian
chottu,m,indian
lakhraj,m,indian
virpal,m,indian
nanhe,m,indian
chiranjavi,m,indian
krishna,m,indian
jogender,m,indian
deepaak,m,indian
lokendra,m,indian
birpal,m,indian
vinit,m,indian
vikki,m,indian
nasir,m,indian
jaswant,m,indian
noornabi,m,indian
chandra,m,indian
prabhat,m,indian
keshav,m,indian
prameshwar,m,indian
rambabu,m,indian
bittoo,m,indian
satyanarayan,m,indian
anantram,m,indian
mobarkar,m,indian
ramchandr,m,indian
govinda,m,indian
jaichand,m,indian
ganesh,m,indian
senser,m,indian
vikram,m,indian
gordhan,m,indian
sajruddin,m,indian
karmveer,m,indian
chetram,m,indian
niwas,m,indian
pphola,m,indian
naruram,m,indian
keshar,m,indian
devkran,m,indian
hariesh,m,indian
mehinder,m,indian
prabhakar,m,indian
kartik,m,indian
shailesh,m,indian
dalchand,m,indian
pukharam,m,indian
kundan,m,indian
anish,m,indian
faisal,m,indian
sujal,m,indian
mayank,m,indian
jeevan,m,indian
moin,m,indian
manash,m,indian
waseem,m,indian
jasveer,m,indian
papp,m,indian
parmeshwar,m,indian
bijender,m,indian
shahnabaz,m,indian
rakhi,m,indian
rishipal,m,indian
sukhpal,m,indian
tarun,m,indian
dharamvir,m,indian
shankar,m,indian
gauravgil,m,indian
umar,m,indian
liyakat,m,indian
som,m,indian
nijamuddin,m,indian
ikrar,m,indian
durvesh,m,indian
ibarhim,m,indian
balvinder,m,indian
deepansu,m,indian
surajbhan,m,indian
indervesh,m,indian
jitendr,m,indian
sofali,m,indian
abhishak,m,indian
taufik,m,indian
sukumar,m,indian
shekhar,m,indian
durgashankar,m,indian
aidtya,m,indian
ali,m,indian
hasan,m,indian
sarafat,m,indian
mukul,m,indian
karanveer,m,indian
adil,m,indian
mehtab,m,indian
handu,m,indian
shivcharan,m,indian
dhramveer,m,indian
tohir,m,indian
sadiq,m,indian
kanishakraj,m,indian
ravidutt,m,indian
vikrant,m,indian
mhosin,m,indian
ramnihor,m,indian
shabbir,m,indian
wasim,m,indian
aslam,m,indian
hament,m,indian
ashwani,m,indian
imtyaz,m,indian
devendr,m,indian
davinder,m,indian
harikishan,m,indian
rohtash,m,indian
ravinath,m,indian
dharmendr,m,indian
manjesh,m,indian
dharamveer,m,indian
shakar,m,indian
surendr,m,indian
farman,m,indian
chote,m,indian
dakch,m,indian
sulender,m,indian
rameshwar,m,indian
ekram,m,indian
sadik,m,indian
vishu,m,indian
nathuram,m,indian
ovaish,m,indian
saroj,m,indian
jalmi,m,indian
bhanu,m,indian
deepanshu,m,indian
jaidev,m,indian
najim,m,indian
jisan,m,indian
furkan,m,indian
bannu,m,indian
devasheeh,m,indian
imamuddin,m,indian
mukaram,m,indian
rampal,m,indian
tofik,m,indian
banwari,m,indian
radhesayam,m,indian
umakant,m,indian
prami,m,indian
nitish,m,indian
jaanu,m,indian
hiramani,m,indian
taleem,m,indian
swarn,m,indian
lala,m,indian
rijvan,m,indian
dhrampal,m,indian
ramchandra,m,indian
girraj,m,indian
bhrkat,m,indian
chamanlal,m,indian
aditi,m,indian
yashpal,m,indian
adisan,m,indian
nishant,m,indian
kamil,m,indian
aamin,m,indian
rohthash,m,indian
bhagirath,m,indian
firasat,m,indian
vilram,m,indian
gunanidhi,m,indian
sakil,m,indian
krish,m,indian
kanhaiyalal,m,indian
dabu,m,indian
sajid,m,indian
aasim,m,indian
faran,m,indian
sahdev,m,indian
mukhtiyar,m,indian
sikender,m,indian
dharampal,m,indian
iqbal,m,indian
reena,m,indian
bheema,m,indian
jaffar,m,indian
basanta,m,indian
kanhaiya,m,indian
avfesh,m,indian
mahender,m,indian
vikramjeet,m,indian
kajamuddih,m,indian
shriram,m,indian
manohar,m,indian
umesh,m,indian
vansh,m,indian
omperkash,m,indian
nagender,m,indian
mansharam,m,indian
riyajudhin,m,indian
basant,m,indian
ramlal,m,indian
ajaypal,m,indian
monish,m,indian
subhodh,m,indian
navdeep,m,indian
ishatkar,m,indian
malchand,m,indian
dalip,m,indian
sabbir,m,indian
jankidas,m,indian
santram,m,indian
nazim,m,indian
saidul,m,indian
sadhna,m,indian
najis,m,indian
heeralal,m,indian
kalpadma,m,indian
shikha,m,indian
hiralal,m,indian
shadik,m,indian
warish,m,indian
shahabuddin,m,indian
wiresh,m,indian
jaiprkesh,m,indian
manjit,m,indian
satyaprakash,m,indian
ashraf,m,indian
gafur,m,indian
gagan,m,indian
sabir,m,indian
radheshyam,m,indian
zanmi,m,indian
veerpal,m,indian
sukhbir,m,indian
harmani,m,indian
najimuddin,m,indian
alaudin,m,indian
jakir,m,indian
hitesh,m,indian
bhushan,m,indian
sateesh,m,indian
somesh,m,indian
mahfooz,m,indian
hemraj,m,indian
jaspal,m,indian
dilsad,m,indian
wasimuddin,m,indian
jedu,m,indian
ramphal,m,indian
ankur,m,indian
boduram,m,indian
rahish,m,indian
rukshan,m,indian
sudarshan,m,indian
sishpal,m,indian
banshi,m,indian
teekam,m,indian
surendar,m,indian
dhirender,m,indian
munnu,m,indian
narendera,m,indian
ramkish,m,indian
rahim,m,indian
bobbi,m,indian
navjoot,m,indian
siddharth,m,indian
sarjeet,m,indian
abdul,m,indian
babuddin,m,indian
sudhir,m,indian
bhuneshwar,m,indian
lokender,m,indian
bhagipuri,m,indian
tulsiram,m,indian
ahmad,m,indian
rishaw,m,indian
farjand,m,indian
bitto,m,indian
sujata,m,indian
banwarilal,m,indian
rasab,m,indian
shelesh,m,indian
siraj,m,indian
bisto,m,indian
sanpat,m,indian
khalid,m,indian
sarik,m,indian
aryan,m,indian
nasim,m,indian
nadir,m,indian
vijendar,m,indian
bhojaram,m,indian
priti,m,indian
sehnawaj,m,indian
kamaldeep,m,indian
jahgeer,m,indian
lali,m,indian
ravindr,m,indian
jisaan,m,indian
amrit,m,indian
pushpendr,m,indian
chettan,m,indian
shubham,m,indian
katwa,m,indian
anash,m,indian
yogendr,m,indian
riyajudin,m,indian
parbhudayal,m,indian
yeshpal,m,indian
rehaan,m,indian
jabir,m,indian
sajju,m,indian
yogendra,m,indian
rajend,m,indian
subham,m,indian
banty,m,indian
chotan,m,indian
omi,m,indian
rajna,m,indian
naulakh,m,indian
faimuddin,m,indian
hardeep,m,indian
inkoo,m,indian
ramvir,m,indian
mannulal,m,indian
samon,m,indian
roopsingh,m,indian
parvez,m,indian
revndrshing,m,indian
sufian,m,indian
tanmay,m,indian
sakcham,m,indian
pradep,m,indian
dhananjai,m,indian
parvej,m,indian
tejpal,m,indian
paratibha,m,indian
surgyan,m,indian
aajiv,m,indian
asrf,m,indian
rantesh,m,indian
saad,m,indian
harish,m,indian
javid,m,indian
hashim,m,indian
adarsh,m,indian
faim,m,indian
sakib,m,indian
usmaan,m,indian
sohanpal,m,indian
rishu,m,indian
jasiram,m,indian
nepal,m,indian
gopesh,m,indian
pavnesh,m,indian
mantosh,m,indian
chitu,m,indian
gordhanlal,m,indian
sangeeta,m,indian
jitu,m,indian
jyoti,m,indian
chandu,m,indian
brijshwaer,m,indian
dhermendra,m,indian
shahwaj,m,indian
joginder,m,indian
vedprakash,m,indian
ajeem,m,indian
ranjan,m,indian
vickky,m,indian
manoish,m,indian
jite,m,indian
binani,m,indian
mannu,m,indian
sitaram,m,indian
sahun,m,indian
sakir,m,indian
veeru,m,indian
rajdut,m,indian
roji,m,indian
jwala,m,indian
afshar,m,indian
tripurari,m,indian
prashant,m,indian
giriraj,m,indian
beeram,m,indian
khemchand,m,indian
ajeet,m,indian
kundin,m,indian
rajvir,m,indian
mastan,m,indian
hajrat,m,indian
madho,m,indian
shoukat,m,indian
rajkiran,m,indian
sahjad,m,indian
sandip,m,indian
kashiv,m,indian
sunaina,m,indian
shabir,m,indian
amarjit,m,indian
nandita,m,indian
ravikant,m,indian
fahim,m,indian
daaud,m,indian
majunew,m,indian
dushyant,m,indian
kirshanpal,m,indian
jaideep,m,indian
vishanu,m,indian
prabhudayal,m,indian
munni,m,indian
anurudh,m,indian
baam,m,indian
gurlal,m,indian
ghansyam,m,indian
subhan,m,indian
afzal,m,indian
virnit,m,indian
etahsaam,m,indian
dharmendera,m,indian
gurcharan,m,indian
mohardi,m,indian
sispal,m,indian
ansul,m,indian
meharuddin,m,indian
kalusingh,m,indian
lalu,m,indian
sadab,m,indian
islamudin,m,indian
sonam,m,indian
iqubal,m,indian
zishan,m,indian
aswin,m,indian
munna,m,indian
haseem,m,indian
babli,m,indian
amrika,m,indian
sahajaha,m,indian
taslim,m,indian
rudmal,m,indian
cheete,m,indian
janmesh,m,indian
beenu,m,indian
tanish,m,indian
om,m,indian
shanvaj,m,indian
sinder,m,indian
sumoranjam,m,indian
davender,m,indian
chotu,m,indian
devdhari,m,indian
goruav,m,indian
latoor,m,indian
saroz,m,indian
saurav,m,indian
narendra,m,indian
kanhiya,m,indian
khusaboo,m,indian
salinder,m,indian
samad,m,indian
kirshna,m,indian
ombeer,m,indian
ganpat,m,indian
balbeer,m,indian
khamchand,m,indian
bhulaee,m,indian
mihir,m,indian
lllllllllllllllllll,m,indian
mintu,m,indian
seti,m,indian
mogli,m,indian
ibrahim,m,indian
bhola,m,indian
velaram,m,indian
santi,m,indian
haneef,m,indian
ramakant,m,indian
naitik,m,indian
inderjit,m,indian
rambrij,m,indian
saruf,m,indian
hakimuddin,m,indian
riyasat,m,indian
jasvant,m,indian
kumail,m,indian
tameezuddin,m,indian
dimpal,m,indian
puranmal,m,indian
subash,m,indian
nizam,m,indian
ashwini,m,indian
tashnim,m,indian
sudhdev,m,indian
mangeram,m,indian
tanvir,m,indian
naushad,m,indian
mandeep,m,indian
chootu,m,indian
nawed,m,indian
dilshad,m,indian
perdeep,m,indian
hanif,m,indian
hanumanram,m,indian
shahjad,m,indian
razi,m,indian
visham,m,indian
devpal,m,indian
srikant,m,indian
ishu,m,indian
ramkumar,m,indian
dhurpati,m,indian
vanshu,m,indian
ritesh,m,indian
bhagwanaram,m,indian
brijpal,m,indian
amarnath,m,indian
ashif,m,indian
jawed,m,indian
dhanpat,m,indian
shailender,m,indian
yamin,m,indian
aagand,m,indian
sehin,m,indian
shushil,m,indian
begraj,m,indian
gomti,m,indian
gajraj,m,indian
archna,m,indian
barjesh,m,indian
mithelash,m,indian
dhanjay,m,indian
mangilal,m,indian
parmanand,m,indian
durjan,m,indian
kurban,m,indian
tavraj,m,indian
na,m,indian
jagdambika,m,indian
kalpesh,m,indian
bunty,m,indian
imaman,m,indian
kaptan,m,indian
anikesh,m,indian
nazirul,m,indian
joni,m,indian
sidheswar,m,indian
nischaya,m,indian
samir,m,indian
mazhar,m,indian
halke,m,indian
methun,m,indian
mangeshwar,m,indian
aru,m,indian
ikramudeen,m,indian
muskuran,m,indian
sadip,m,indian
devesh,m,indian
ramkishan,m,indian
ramkiashan,m,indian
sankarlal,m,indian
abhisek,m,indian
akib,m,indian
prsant,m,indian
satya,m,indian
chorag,m,indian
poonam,m,indian
sukkhu,m,indian
radhamohan,m,indian
kumresh,m,indian
karim,m,indian
mona,m,indian
shailash,m,indian
naved,m,indian
nabijan,m,indian
chetna,m,indian
devanand,m,indian
riyajuddin,m,indian
kaushal,m,indian
harshdeep,m,indian
gandhi,m,indian
ajim,m,indian
bhikhari,m,indian
ramjeet,m,indian
bintu,m,indian
hayatul,m,indian
santrm,m,indian
shahnwaj,m,indian
nrendr,m,indian
ahupendra,m,indian
dharmveer,m,indian
mehboob,m,indian
saddham,m,indian
youraj,m,indian
puspendar,m,indian
puneet,m,indian
babulal,m,indian
kirshan,m,indian
kanok,m,indian
sahna,m,indian
ayube,m,indian
balam,m,indian
rajeshvr,m,indian
shahvaj,m,indian
nathulal,m,indian
shivraj,m,indian
shubhm,m,indian
kishor,m,indian
kirtiman,m,indian
dikshant,m,indian
shokat,m,indian
sorbh,m,indian
narendar,m,indian
pujja,m,indian
amarchand,m,indian
aashish,m,indian
lakhi,m,indian
omesh,m,indian
sarita,m,indian
sharib,m,indian
tafsir,m,indian
anita,m,indian
harvans,m,indian
imtiyaz,m,indian
bahadur,m,indian
rishiraj,m,indian
natthu,m,indian
khubchand,m,indian
sanjeet,m,indian
anubhav,m,indian
sashi,m,indian
mithlesh,m,indian
aansu,m,indian
mukhtar,m,indian
gyandeep,m,indian
faizal,m,indian
omparsad,m,indian
mahfooj,m,indian
janta,m,indian
jalsingh,m,indian
amjad,m,indian
khushnaseeb,m,indian
goverdhan,m,indian
mudasar,m,indian
varsha,m,indian
nadhim,m,indian
ibraheem,m,indian
ashiqu,m,indian
asfak,m,indian
givinda,m,indian
veerbhan,m,indian
allauddin,m,indian
vinaysingh,m,indian
najrin,m,indian
bhuri,m,indian
mahadev,m,indian
naeem,m,indian
partap,m,indian
himal,m,indian
preeti,m,indian
maryam,m,indian
sompal,m,indian
gyanwati,m,indian
aarti,m,indian
razim,m,indian
saket,m,indian
nanhey,m,indian
mousin,m,indian
rajuddin,m,indian
hashrat,m,indian
pallu,m,indian
patav,m,indian
ramveer,m,indian
param,m,indian
usman,m,indian
susant,m,indian
dharmraj,m,indian
hardas,m,indian
hardass,m,indian
devendra,m,indian
anjum,m,indian
israil,m,indian
vaibahv,m,indian
risiraj,m,indian
dayaram,m,indian
lukman,m,indian
bhudhashen,m,indian
sardeep,m,indian
netram,m,indian
monti,m,indian
perkash,m,indian
satyender,m,indian
mumtaj,m,indian
gahnshyam,m,indian
salaman,m,indian
chunnu,m,indian
mohini,m,indian
allaraji,m,indian
jainab,m,indian
kudeep,m,indian
megharam,m,indian
dhiraj,m,indian
rajibul,m,indian
rijwan,m,indian
ramkhilawan,m,indian
meena,m,indian
dhrampla,m,indian
chandru,m,indian
lallu,m,indian
jeete,m,indian
umashanker,m,indian
madanlal,m,indian
abhinay,m,indian
nidhi,m,indian
himansu,m,indian
nagaji,m,indian
abhaysingh,m,indian
kalla,m,indian
viney,m,indian
bhotra,m,indian
sahbuddin,m,indian
shaulal,m,indian
akeel,m,indian
nasrul,m,indian
bhalaram,m,indian
rampaal,m,indian
saurab,m,indian
saif,m,indian
veerander,m,indian
sablu,m,indian
parashram,m,indian
furkhan,m,indian
ramu,m,indian
sedarath,m,indian
shanu,m,indian
jittender,m,indian
sitare,m,indian
viccky,m,indian
mokida,m,indian
noori,m,indian
ramdin,m,indian
raghbir,m,indian
pravesh,m,indian
udit,m,indian
shivram,m,indian
laxmanram,m,indian
jamshed,m,indian
viresh,m,indian
umardaraz,m,indian
shamshudin,m,indian
gudiya,m,indian
shahboob,m,indian
hanuman,m,indian
shaboob,m,indian
gurubaksh,m,indian
shani,m,indian
rocky,m,indian
yudhbir,m,indian
jagan,m,indian
vaibhav,m,indian
mahkar,m,indian
naimuddin,m,indian
jaisigh,m,indian
shahir,m,indian
subesh,m,indian
vazid,m,indian
parven,m,indian
madhu,m,indian
mohanram,m,indian
jeesan,m,indian
shahbaz,m,indian
balwant,m,indian
pushkar,m,indian
dhreej,m,indian
montu,m,indian
jagmohan,m,indian
kaleem,m,indian
hisamuddin,m,indian
rambir,m,indian
ganpatram,m,indian
istyak,m,indian
saieman,m,indian
ramdev,m,indian
pannalal,m,indian
budhan,m,indian
rohil,m,indian
jamil,m,indian
chitra,m,indian
yusaf,m,indian
khusbu,m,indian
surjit,m,indian
ujjair,m,indian
zuveb,m,indian
rasul,m,indian
ramavtar,m,indian
sohil,m,indian
azad,m,indian
mohanlal,m,indian
nikita,m,indian
tohseeem,m,indian
yograj,m,indian
tajinder,m,indian
sarves,m,indian
rookmani,m,indian
muslim,m,indian
manphool,m,indian
shanker,m,indian
umardeen,m,indian
arti,m,indian
balbir,m,indian
pravendra,m,indian
parvinder,m,indian
sokat,m,indian
gugna,m,indian
dabbu,m,indian
gulfan,m,indian
vishesh,m,indian
sundar,m,indian
radhyshyam,m,indian
deepali,m,indian
dharmpal,m,indian
mahasingh,m,indian
abid,m,indian
nosad,m,indian
karmbir,m,indian
nishal,m,indian
babram,m,indian
sarfaraj,m,indian
satveer,m,indian
hanny,m,indian
ramsawroop,m,indian
bindu,m,indian
badrulla,m,indian
rambhul,m,indian
hani,m,indian
mangta,m,indian
neeshu,m,indian
kaishav,m,indian
vaseem,m,indian
piuesh,m,indian
prdeep,m,indian
wiliyam,m,indian
samsudin,m,indian
kalicharan,m,indian
mahraj,m,indian
amandeep,m,indian
chinu,m,indian
dhanraj,m,indian
jayshing,m,indian
satrudan,m,indian
dharamender,m,indian
ramdas,m,indian
sohanlal,m,indian
vitan,m,indian
nawab,m,indian
nandram,m,indian
juhi,m,indian
jhaban,m,indian
chhinderpal,m,indian
bishan,m,indian
jaijairam,m,indian
ramnath,m,indian
laliya,m,indian
durgpal,m,indian
uday,m,indian
shelendra,m,indian
puspender,m,indian
girish,m,indian
pushank,m,indian
purnmal,m,indian
aamil,m,indian
alam,m,indian
bhahadur,m,indian
samayddin,m,indian
narander,m,indian
ojas,m,indian
baggusingh,m,indian
mangelal,m,indian
guljar,m,indian
ompal,m,indian
jiyaul,m,indian
bhavishya,m,indian
bhhatu,m,indian
heera,m,indian
kulbhushan,m,indian
juvel,m,indian
sudeshwer,m,indian
punia,m,indian
karansingh,m,indian
fazaley,m,indian
nasrudeen,m,indian
sirajuddin,m,indian
lakshmi,m,indian
tribavan,m,indian
aaftab,m,indian
mookan,m,indian
pannu,m,indian
nooralha,m,indian
jeetram,m,indian
vijender,m,indian
diljan,m,indian
nooralam,m,indian
jasveen,m,indian
ramsewak,m,indian
manmohan,m,indian
bhismpal,m,indian
kali,m,indian
sheru,m,indian
rinkal,m,indian
shahruf,m,indian
islamuddin,m,indian
vijeta,m,indian
ramlakhan,m,indian
rame,m,indian
narbir,m,indian
sammiuddin,m,indian
aalam,m,indian
motilal,m,indian
farukh,m,indian
janeshwar,m,indian
anupam,m,indian
salmam,m,indian
roshanlal,m,indian
ravindar,m,indian
janardam,m,indian
hemanshu,m,indian
aakas,m,indian
jarif,m,indian
satynarayan,m,indian
michael,m,indian
akil,m,indian
gurprit,m,indian
chhotu,m,indian
kanhaya,m,indian
bhojpal,m,indian
uttam,m,indian
radesyam,m,indian
birajbhushan,m,indian
kallu,m,indian
iqarar,m,indian
sukhlal,m,indian
prabhu,m,indian
jagdeep,m,indian
mudsir,m,indian
aadesh,m,indian
subhod,m,indian
juber,m,indian
ammar,m,indian
jigar,m,indian
bhim,m,indian
murarilal,m,indian
juhewuddin,m,indian
rammurti,m,indian
mamata,m,indian
knheyalal,m,indian
rambharos,m,indian
tamnna,m,indian
gurdeep,m,indian
motilaal,m,indian
megraaj,m,indian
premnarayan,m,indian
vikesh,m,indian
roopnarayan,m,indian
vimukt,m,indian
anooj,m,indian
meharban,m,indian
gurucharan,m,indian
kamaljeet,m,indian
mittopuri,m,indian
amratalal,m,indian
bhuwan,m,indian
nahid,m,indian
vishamitra,m,indian
amarvesh,m,indian
premsingh,m,indian
mahtab,m,indian
mohsin,m,indian
rafiq,m,indian
amot,m,indian
dipansu,m,indian
sohib,m,indian
trilok,m,indian
anup,m,indian
lucky,m,indian
panaj,m,indian
madharam,m,indian
yasin,m,indian
yashin,m,indian
raspal,m,indian
nishu,m,indian
harinder,m,indian
dorilal,m,indian
naina,m,indian
aashis,m,indian
sinta,m,indian
vishvanath,m,indian
khalil,m,indian
nashimuddin,m,indian
kayum,m,indian
omkar,m,indian
shiraj,m,indian
yadram,m,indian
yesh,m,indian
kalip,m,indian
reenu,m,indian
kunden,m,indian
deepika,m,indian
kuldeel,m,indian
popinder,m,indian
mehruddin,m,indian
rajkumarm,m,indian
fharman,m,indian
binnu,m,indian
rihaan,m,indian
gangaram,m,indian
pemaram,m,indian
faizudeen,m,indian
aravind,m,indian
dulichand,m,indian
shoaib,m,indian
manikchand,m,indian
sarafraj,m,indian
jitander,m,indian
pawansingh,m,indian
sanjiv,m,indian
mogan,m,indian
mesak,m,indian
umasankar,m,indian
prakesh,m,indian
rambhool,m,indian
anirudh,m,indian
gufran,m,indian
subrati,m,indian
pinttu,m,indian
karnesh,m,indian
kedarmal,m,indian
sanjeevan,m,indian
arbaj,m,indian
tikaram,m,indian
shubankar,m,indian
bhuralal,m,indian
gulab,m,indian
pankajsheel,m,indian
devilal,m,indian
sanjey,m,indian
shajid,m,indian
omendra,m,indian
rahimuddin,m,indian
vijaypal,m,indian
bhure,m,indian
shokesh,m,indian
jagat,m,indian
sabbu,m,indian
kanhyalal,m,indian
gurnam,m,indian
rahishudeen,m,indian
pyarelal,m,indian
rahil,m,indian
kalyan,m,indian
aanand,m,indian
nayeem,m,indian
ramswroop,m,indian
prempal,m,indian
bhoopsingh,m,indian
mayak,m,indian
arnab,m,indian
pushpendra,m,indian
goutam,m,indian
badal,m,indian
sudesh,m,indian
irsad,m,indian
raheesh,m,indian
shivbhagvan,m,indian
akkni,m,indian
bikram,m,indian
binpal,m,indian
karishan,m,indian
kamala,m,indian
murli,m,indian
bhart,m,indian
peentu,m,indian
jantarpal,m,indian
deepanker,m,indian
haseen,m,indian
maniram,m,indian
jagdeesh,m,indian
omprakesh,m,indian
sirazudeen,m,indian
talib,m,indian
netrapal,m,indian
muntajar,m,indian
naajim,m,indian
pramjeet,m,indian
kamrudeen,m,indian
nijamudeen,m,indian
vahab,m,indian
motolal,m,indian
narinder,m,indian
lakhua,m,indian
amritpal,m,indian
kohinoor,m,indian
gokul,m,indian
mohatter,m,indian
sazid,m,indian
rehmat,m,indian
baljeet,m,indian
dhirpal,m,indian
birender,m,indian
ratnesh,m,indian
chanda,m,indian
gauri,m,indian
ajmer,m,indian
nitu,m,indian
samina,m,indian
randhir,m,indian
baudi,m,indian
jimmi,m,indian
sameeruddin,m,indian
randeep,m,indian
rambhajan,m,indian
kisan,m,indian
lakky,m,indian
shishpal,m,indian
mantu,m,indian
bhima,m,indian
prshant,m,indian
nazmuslam,m,indian
prabhatilal,m,indian
manojkumar,m,indian
pinku,m,indian
bajinder,m,indian
omprkesh,m,indian
fazulla,m,indian
lilaram,m,indian
dhmendar,m,indian
dhamender,m,indian
jamaal,m,indian
warmati,m,indian
patender,m,indian
narbahadur,m,indian
kirodimal,m,indian
kishore,m,indian
tundiram,m,indian
aarav,m,indian
iqram,m,indian
bundhu,m,indian
vindeshver,m,indian
sawarmal,m,indian
budhram,m,indian
padam,m,indian
talvender,m,indian
jalil,m,indian
umlesh,m,indian
bagaram,m,indian
deepa,m,indian
chunni,m,indian
altmash,m,indian
depander,m,indian
horam,m,indian
chaturbhuj,m,indian
mahinudin,m,indian
lavkush,m,indian
kush,m,indian
jasvinder,m,indian
kedarnath,m,indian
kaleram,m,indian
baidnath,m,indian
badnath,m,indian
pushpender,m,indian
yuveraj,m,indian
azim,m,indian
yashbir,m,indian
rituraj,m,indian
premchand,m,indian
shivlal,m,indian
idrish,m,indian
balwan,m,indian
akheelesh,m,indian
bhavesh,m,indian
julficar,m,indian
ranvir,m,indian
ramender,m,indian
satendra,m,indian
nihalchand,m,indian
vipan,m,indian
vashu,m,indian
allabaksh,m,indian
shivani,m,indian
noshad,m,indian
surajmal,m,indian
badrudeen,m,indian
abhinandan,m,indian
rajdev,m,indian
mukram,m,indian
mangu,m,indian
dilkush,m,indian
karamvir,m,indian
wajuddin,m,indian
yunishs,m,indian
mitthu,m,indian
bhonu,m,indian
sakhichander,m,indian
shivnath,m,indian
dhrambir,m,indian
nareshpal,m,indian
yasmin,m,indian
dhara,m,indian
aazad,m,indian
nathu,m,indian
ahamad,m,indian
yaadram,m,indian
kabid,m,indian
bhorelal,m,indian
mitthun,m,indian
deepvhand,m,indian
jhagdoo,m,indian
disha,m,indian
sarbash,m,indian
mohamad,m,indian
gobind,m,indian
harji,m,indian
majid,m,indian
pasanjeet,m,indian
jishan,m,indian
vashisast,m,indian
muntjar,m,indian
deepi,m,indian
asha,m,indian
munnakumar,m,indian
rajbeer,m,indian
chandreshwar,m,indian
sachidanand,m,indian
mahinder,m,indian
naulesh,m,indian
raisuddin,m,indian
kamalkishore,m,indian
eliyas,m,indian
ramdutt,m,indian
bipin,m,indian
rajnesh,m,indian
gulsher,m,indian
ramjanam,m,indian
arbaz,m,indian
palaram,m,indian
hukamchand,m,indian
israr,m,indian
pooranmal,m,indian
ramotar,m,indian
garsh,m,indian
rohitash,m,indian
pratha,m,indian
ghanshayam,m,indian
bhusan,m,indian
galiya,m,indian
shlender,m,indian
dulal,m,indian
tanuja,m,indian
shalender,m,indian
ramjani,m,indian
neetu,m,indian
hasina,m,indian
gagandeep,m,indian
adan,m,indian
ramdhan,m,indian
ashrfi,m,indian
ram,m,indian
alim,m,indian
dharminder,m,indian
vikaram,m,indian
jafruddin,m,indian
baleshwer,m,indian
kale,m,indian
banju,m,indian
mahboob,m,indian
hanshraj,m,indian
barkat,m,indian
sohel,m,indian
keshram,m,indian
navendra,m,indian
kishnaram,m,indian
rana,m,indian
jagbir,m,indian
mukkesh,m,indian
kareshan,m,indian
parmodh,m,indian
parsant,m,indian
jishant,m,indian
dalpat,m,indian
deeraj,m,indian
budhu,m,indian
maushid,m,indian
mudssir,m,indian
lav,m,indian
mushir,m,indian
rambarose,m,indian
ansar,m,indian
biram,m,indian
jaquir,m,indian
sadabrij,m,indian
aahim,m,indian
shahbuddin,m,indian
pervinder,m,indian
gurdayal,m,indian
mrityunjay,m,indian
syamsunder,m,indian
sattaram,m,indian
subburaiyalu,m,indian
upender,m,indian
ramjiyawan,m,indian
babar,m,indian
latesh,m,indian
riyazuddin,m,indian
urmila,m,indian
kalayan,m,indian
rafi,m,indian
altab,m,indian
yaqoob,m,indian
muzamiil,m,indian
adrash,m,indian
lekhram,m,indian
hardev,m,indian
pusgpender,m,indian
sumesh,m,indian
sunilrawat,m,indian
menpal,m,indian
hitlar,m,indian
kala,m,indian
faiyaaz,m,indian
fakrudeen,m,indian
vinayak,m,indian
afjal,m,indian
satayanarayan,m,indian
maisan,m,indian
nadem,m,indian
sorab,m,indian
omparkesh,m,indian
jitesh,m,indian
kouchu,m,indian
mujeeb,m,indian
saud,m,indian
ghantoli,m,indian
muzmil,m,indian
abhinav,m,indian
riyajul,m,indian
chandpreet,m,indian
leelu,m,indian
sahnabaj,m,indian
titu,m,indian
sahabudeen,m,indian
jaspreet,m,indian
nesha,m,indian
tulcharam,m,indian
punkaj,m,indian
dashrath,m,indian
adalat,m,indian
sumnesh,m,indian
chunaram,m,indian
ravishankar,m,indian
yadvir,m,indian
somprakash,m,indian
ramniwas,m,indian
tariq,m,indian
banti,m,indian
atif,m,indian
sauhal,m,indian
sanny,m,indian
kauva,m,indian
sethi,m,indian
malkeet,m,indian
julfikaar,m,indian
tilakraj,m,indian
sahnaj,m,indian
amrjeet,m,indian
basibul,m,indian
dhulin,m,indian
ilyas,m,indian
rafeddin,m,indian
shital,m,indian
deni,m,indian
dilvar,m,indian
pritam,m,indian
prinsh,m,indian
harun,m,indian
akhileshwer,m,indian
sukhsohan,m,indian
shahzad,m,indian
sushpal,m,indian
ikbal,m,indian
krishnal,m,indian
rasid,m,indian
osier,m,indian
sakchan,m,indian
kirorimal,m,indian
bhimsen,m,indian
daksh,m,indian
vakeel,m,indian
mishrilaal,m,indian
mosim,m,indian
parth,m,indian
hamid,m,indian
sainky,m,indian
jayantadass,m,indian
kavit,m,indian
bupal,m,indian
dimpy,m,indian
shayampuri,m,indian
mikel,m,indian
naseef,m,indian
alok,m,indian
tarachand,m,indian
istikar,m,indian
akhalak,m,indian
priju,m,indian
tirath,m,indian
ragib,m,indian
sabid,m,indian
imsaan,m,indian
sahabbudin,m,indian
faizan,m,indian
raisingh,m,indian
rajish,m,indian
teenu,m,indian
jauli,m,indian
pawna,m,indian
jisu,m,indian
lakhmi,m,indian
salauddin,m,indian
tasleem,m,indian
choturam,m,indian
pardeshi,m,indian
lovely,m,indian
hasir,m,indian
soheb,m,indian
dasharath,m,indian
sombir,m,indian
kalpna,m,indian
happy,m,indian
shakti,m,indian
ruchit,m,indian
kulli,m,indian
baniya,m,indian
matok,m,indian
bajulal,m,indian
nandi,m,indian
jasvir,m,indian
raeeyan,m,indian
piyus,m,indian
anshum,m,indian
gensingh,m,indian
balaram,m,indian
soyab,m,indian
deendyal,m,indian
rizwaan,m,indian
ruksar,m,indian
shispal,m,indian
laxminarain,m,indian
moolchul,m,indian
monupal,m,indian
nooruddin,m,indian
puran,m,indian
tauseek,m,indian
sokin,m,indian
gollu,m,indian
jai,m,indian
pinki,m,indian
rayish,m,indian
avid,m,indian
buddha,m,indian
